user_name	date	count	v1count	blankcount
-jha-	2011-01-23	13	6	0
1248	2009-12-09	1	0	0
2snm1	2013-12-01	1	1	0
42429	2010-04-08	2	0	0
42429	2011-04-21	77	0	0
5EE	2009-09-06	157	0	0
A O	2011-05-28	1	0	0
A Solution Co Ltd	2013-09-27	5	5	0
Aaliyah Lakeman	2014-11-25	24	24	0
Abungu	2011-09-01	20	20	0
Accurimbono	2009-01-24	1109	90	0
Aikus	2012-05-18	2	2	0
Aikus	2012-05-19	6	6	0
Aleks-Berlin	2014-11-26	1	0	0
Alex Masita	2013-12-28	10	10	0
Alienx	2013-05-11	7	7	0
Alienx	2013-05-21	15	15	0
Alienx	2013-05-22	3	3	0
Allan Lykke Christensen	2011-11-02	12	5	0
Amaroussi	2014-08-04	1	0	0
AmiFritz	2012-12-24	185	90	0
AmiFritz	2012-12-27	32	32	0
Amrish Shah	2013-12-20	5	5	0
AndrewBuck	2011-08-20	29	18	0
AndrewBuck	2011-09-07	1257	1253	0
AndrewBuck	2013-08-26	72	37	0
Anne Qoey	2014-11-25	502	494	0
Anne Qoey	2014-11-26	572	563	0
Anne Qoey	2014-11-27	294	294	0
Anne Qoey	2014-11-28	376	375	0
Anne Qoey	2014-12-01	40	40	0
Apollowokabi12	2011-06-21	2	1	0
Aredhel	2012-08-09	1	0	0
ArjanO	2013-09-23	19	15	0
Atuti	2012-02-22	13	0	0
Auma Tom	2011-06-21	52	52	0
Aurimas Fišeras	2014-05-16	10	4	0
Ayub Gitonga	2011-09-01	1	0	0
BCNorwich	2012-07-02	2	0	0
BCNorwich	2013-08-19	113	32	0
Baruch	2009-06-19	1	0	0
Basstoelpel	2012-09-07	171	171	7
Ben VdA	2012-06-14	29	29	0
Bentez	2011-09-14	177	176	0
Bentez	2011-09-26	164	163	0
Bentez	2011-09-27	230	177	0
Bentez	2011-10-19	12	12	0
Bernard Njenga	2011-06-21	21	20	0
Bernard Njenga	2011-06-22	9	0	0
BiIbo	2009-02-14	3	0	0
Bigglefaffer	2009-05-10	14	0	0
Blasio	2010-04-08	11	8	0
Blasio	2010-04-14	14	10	0
Blasio	2010-04-16	3	1	0
Blasio	2010-04-27	11	5	0
Blasio	2010-04-30	58	37	0
Blasio	2010-06-08	32	6	0
Blasio	2011-04-07	26	17	0
Blasio	2011-04-18	48	44	0
Blasio	2011-05-09	35	0	0
Blasio	2011-05-10	3	2	0
Blasio	2011-05-23	1	0	0
Blasio	2011-05-25	18	10	0
Blasio	2011-10-03	67	55	0
Blasio	2011-10-06	113	109	0
Blasio	2011-11-01	153	136	0
Blasio	2011-11-11	613	611	0
Blasio	2011-11-12	176	164	0
Blasio	2011-11-28	171	128	0
Blasio	2011-11-30	257	245	0
Blasio	2011-12-07	12	3	0
Blasio	2011-12-14	156	146	0
Blasio	2011-12-15	650	534	0
Blasio	2012-02-27	49	16	0
Blasio	2012-02-28	76	4	0
Blasio	2012-03-06	308	220	0
Blasio	2012-03-08	404	118	0
Blasio	2012-03-09	26	10	0
Blasio	2012-03-12	236	234	0
Blasio	2012-03-19	458	149	0
Blasio	2012-03-26	18	18	0
Blasio	2012-07-02	91	57	0
Blasio	2012-08-27	114	60	0
Blasio	2012-11-07	113	99	0
Blasio	2012-11-16	403	373	0
Blasio	2012-11-20	577	564	2
Blasio	2012-11-21	350	281	0
Blasio	2012-11-27	175	117	0
Blasio	2012-12-05	7	1	0
Blasio	2012-12-13	5	5	0
Blasio	2013-01-11	38	26	0
Blasio	2013-01-23	50	5	0
Blasio	2013-01-24	16	4	0
Blasio	2013-01-25	7	0	0
Blasio	2013-01-31	13	4	0
Blasio	2013-04-08	2	2	0
Blasio	2013-05-08	27	27	0
Blasio	2013-05-09	69	68	0
Blasio	2013-05-10	39	27	0
Blasio	2013-05-29	3	0	0
Blasio	2013-05-30	35	0	0
Blasio	2013-05-31	41	0	0
Blasio	2014-01-27	90	87	0
Blasio	2014-03-07	33	24	0
Blasio	2014-03-13	224	155	0
Blasio	2014-03-14	5	2	0
Blasio	2014-03-17	1	0	0
Blasio	2014-03-18	63	33	0
Blasio	2014-04-28	216	76	0
Blasio	2014-04-30	17	3	0
Blasio	2014-06-06	35	18	0
Blasio	2014-06-19	17	9	0
Blasio	2014-06-24	13	6	0
Blasio	2014-06-27	7	5	0
Blasio	2014-07-01	11	4	0
Blasio	2014-07-06	5	5	0
Blasio	2014-07-07	20	8	0
Blasio	2014-07-08	40	6	0
Blasio	2014-07-11	1	0	0
Blasio	2014-07-14	9	6	0
Blasio	2014-07-15	47	7	0
Blasio	2014-07-16	5	0	0
Blasio	2014-07-18	2	0	0
Blasio	2014-07-22	19	1	0
Blasio	2014-07-25	7	3	0
Blasio	2014-07-28	8	3	0
Blasio	2014-07-31	53	0	0
Blasio	2014-08-01	20	0	0
Blasio	2014-08-05	133	125	0
Blasio	2014-08-06	28	0	0
Blasio	2014-08-07	32	0	0
Blasio	2014-08-08	30	0	0
Blasio	2014-08-12	42	0	0
Blasio	2014-08-13	21	0	0
Blasio	2014-08-15	10	0	0
Blasio	2014-08-20	53	39	0
Blasio	2014-08-22	53	0	0
Blasio	2014-08-25	44	0	0
Blasio	2014-08-27	2	0	0
Blasio	2014-08-29	2	0	0
Blasio	2014-09-01	239	228	0
Blasio	2014-09-09	1	0	0
Blasio	2014-09-12	11	0	0
Blasio	2014-09-23	3	2	0
Blasio	2014-10-08	190	119	0
Blasio	2014-10-28	1	0	0
Brian Herbert	2015-01-19	33	32	0
Brio	2011-02-04	1	1	0
Bryce C Nesbitt	2011-11-16	9	0	0
Bryce C Nesbitt	2013-07-29	1	0	0
Bryce C Nesbitt	2013-08-21	1	0	0
Bryce C Nesbitt	2013-10-08	1	0	0
CPM	2011-09-02	31	17	0
Casa Twiga	2013-10-22	1	1	0
Cephas Nderi	2014-09-18	35	35	0
CharlieOscar	2013-01-20	4	4	0
Chasia	2011-12-05	2	2	0
Chip Kingsbury	2011-09-26	2	1	0
Christian Ledermann	2010-07-06	1	1	0
Christian Ledermann	2010-07-07	9	4	0
Christian Ledermann	2010-07-08	15	5	0
Christian Ledermann	2010-07-09	13	11	0
Christian Ledermann	2010-07-10	4	4	0
Christian Ledermann	2010-07-12	24	3	0
Christian Ledermann	2010-07-19	46	24	0
Christian Ledermann	2010-07-21	22	16	0
Christian Ledermann	2010-07-22	8	8	0
Christian Ledermann	2010-07-23	1	0	0
Christian Ledermann	2010-07-26	10	9	0
Christian Ledermann	2010-08-02	1	0	0
Christian Ledermann	2010-08-04	7	7	0
Christian Ledermann	2010-08-05	3	3	0
Christian Ledermann	2010-08-16	138	104	2
Christian Ledermann	2010-08-18	13	11	0
Christian Ledermann	2010-08-21	2	2	0
Christian Ledermann	2010-09-02	1	1	0
Christian Ledermann	2010-09-03	2	2	0
Christian Ledermann	2010-12-21	9	4	0
Christian Ledermann	2011-02-11	11	9	0
Christian Ledermann	2011-02-14	34	29	0
Christian Ledermann	2011-02-17	20	0	0
Christian Ledermann	2011-02-19	8	7	0
Christian Ledermann	2011-09-30	30	30	0
Christian Ledermann	2011-10-10	43	26	0
Christian Ledermann	2012-10-02	18	17	0
Christian Ledermann	2012-12-17	24	24	0
Christian Ledermann	2012-12-25	1	1	0
Christian Ledermann	2013-01-21	7	6	0
Christian Ledermann	2013-03-15	36	34	0
Christian Ledermann	2013-05-25	19	19	0
Christian Ledermann	2013-06-06	6	6	0
Christian Ledermann	2013-06-24	2	2	0
Christian Ledermann	2013-07-05	39	21	0
Christian Ledermann	2013-07-10	6	1	0
Christian Ledermann	2013-07-12	55	51	0
Christian Ledermann	2013-07-15	10	8	0
Christian Ledermann	2013-08-29	1	1	0
Christian Ledermann	2014-01-02	9	9	0
Christian Ledermann	2014-01-06	14	14	0
Christian Ledermann	2014-01-07	31	31	0
Christian Ledermann	2014-01-20	32	32	0
Christian Ledermann	2014-01-27	46	46	0
Christian Ledermann	2014-01-28	13	13	0
Christian Ledermann	2014-01-30	14	14	0
Christian Ledermann	2014-02-03	5	5	0
Christian Ledermann	2014-02-11	2	2	0
Christian Ledermann	2014-02-27	234	234	0
Christian Ledermann	2014-11-17	8	8	0
Claudius Henrichs	2010-01-14	211	0	0
Claudius Henrichs	2010-08-21	65	0	0
Claudius Henrichs	2010-10-24	1	0	0
Claudius Henrichs	2010-11-27	2	0	0
ColinMarquardt	2010-01-13	14	0	0
ColinMarquardt	2011-04-19	1	0	0
ConnorLeech	2014-02-22	7	7	0
CvR	2008-03-26	2	0	0
Daniel Otieno	2011-08-31	142	125	0
Daniel Otieno	2011-10-24	88	75	0
Daniel Otieno	2011-10-25	136	88	0
Daniel Otieno	2011-12-06	29	19	0
Daniel Otieno	2013-05-09	26	26	0
Daniel Otieno	2013-05-10	26	26	0
Daniel Otieno	2013-08-29	1	0	0
Daughty	2012-05-31	131	122	0
Dave Northumberland	2009-06-17	1	0	0
Dave W Farthing	2008-06-30	14	7	0
David Lemayian	2014-09-25	29	9	0
David Nzalu	2012-05-10	7	6	0
David Nzalu	2012-05-11	10	9	0
David Nzalu	2012-06-12	32	31	0
David Nzalu	2012-07-10	15	12	0
David Peters	2014-08-27	2	2	0
Dennis Omondi	2014-09-18	1	1	0
DennisOdhiambo	2013-11-23	37	20	0
Dessale	2014-11-24	4	2	0
DnaX	2013-05-29	4	4	0
Dommel	2010-02-03	1	0	0
DoubleA	2013-05-22	2	0	0
DoubleA	2013-11-13	1	0	0
DoubleA	2013-11-21	2	0	0
DoubleA	2013-11-25	1	0	0
DoubleA	2013-12-07	1	0	0
DoubleA	2013-12-17	1	0	0
DoubleA	2013-12-29	1	0	0
DoubleA	2013-12-30	1	0	0
DoubleA	2013-12-31	1	0	0
DoubleA	2014-01-03	1	0	0
DoubleA	2014-01-11	1	0	0
DoubleA	2014-01-24	1	0	0
DoubleA	2014-01-29	16	0	0
EMWK	2013-02-28	1	1	0
ERMissions	2013-02-13	1	0	0
Ed Avis	2010-01-13	76	73	0
Eddy Onditi	2013-04-11	2	2	0
Eddy Onditi	2013-04-12	1	1	0
Eddy Onditi	2013-05-02	2	2	0
Eddy Onditi	2013-05-03	57	11	0
Edmund_Humenberger	2011-01-09	14	1	0
Edmund_Humenberger	2014-01-06	63	59	1
Edward Maina	2014-03-21	1	1	0
Emmaculate Ngesa	2011-08-30	42	35	0
Emmanuel Ngore	2011-09-01	6	6	0
Eunice Kirii	2011-06-21	16	13	0
Felix Kirathe	2013-10-31	5	5	0
Felix okinyi	2013-04-08	6	4	0
Felix okinyi	2013-04-23	5	5	0
Felix okinyi	2013-04-24	16	16	0
Felix okinyi	2013-04-25	23	23	0
Felix okinyi	2013-04-29	18	18	0
Felix okinyi	2013-04-30	4	4	0
Felix okinyi	2013-05-02	9	9	0
Felix okinyi	2013-05-08	12	12	0
Felix okinyi	2013-05-14	13	13	0
Felix okinyi	2013-05-15	18	18	0
Felix okinyi	2013-05-22	6	6	0
Felix okinyi	2013-06-07	19	19	0
Felix okinyi	2013-06-10	25	25	0
Felix okinyi	2013-07-09	11	11	0
Felix okinyi	2013-07-10	9	9	0
Felix okinyi	2013-07-12	11	11	0
Felix okinyi	2013-07-17	7	7	0
Felix okinyi	2013-07-19	5	5	0
Felix okinyi	2013-07-22	14	14	0
Felix okinyi	2013-07-23	10	10	0
Finn Boykew	2013-02-12	1	0	0
FischersFritz	2009-11-23	48	41	11
Flacus	2010-03-26	1	0	0
FranBoon	2007-05-30	6	6	3
FranBoon	2007-06-07	28	28	8
FranBoon	2007-06-08	217	217	48
FranBoon	2007-06-09	107	107	0
FranBoon	2007-06-10	49	49	1
FranBoon	2007-06-11	204	204	6
FranBoon	2007-06-13	150	150	3
FranBoon	2007-06-15	102	102	2
FranBoon	2007-06-16	109	109	1
FranBoon	2007-06-17	67	67	3
FranBoon	2007-06-18	1	1	0
FranBoon	2007-06-20	181	181	11
FranBoon	2007-06-22	6	6	0
FranBoon	2007-07-26	61	61	0
Freier Radikaler	2011-04-04	19	8	0
GCA	2014-09-19	1	0	0
GCA	2014-11-08	108	82	0
GCA	2014-11-21	29	29	0
GCA	2015-01-08	2	2	0
GCA	2015-01-12	1	0	0
GCA	2015-01-13	65	58	0
GEOID100	2015-01-12	12	4	0
GO_OSM	2013-07-18	59	25	0
GenevaSiobhan	2014-08-20	12	12	0
Geogast	2010-09-22	1	0	0
Geogast	2012-11-22	18	7	0
George Oduor	2014-09-18	3	2	0
Gerit Wagner	2010-11-25	438	418	0
Gitonga	2010-04-09	12	11	0
Gitonga	2010-04-12	69	63	0
Gitonga	2010-04-13	54	53	1
Gitonga	2010-04-16	3	3	0
Gitonga	2010-04-18	81	79	0
Gitonga	2010-04-21	214	214	5
Gitonga	2010-04-28	97	18	0
Gitonga	2010-04-29	12	12	0
Gitonga	2010-05-01	107	103	1
Gitonga	2011-02-20	59	58	0
Gitonga	2011-02-21	88	59	0
Gitonga	2011-02-22	30	30	0
Gitonga	2011-02-25	47	29	0
Gitonga	2011-02-26	70	61	0
Gitonga	2011-02-27	74	72	0
Goddie	2014-09-18	2	2	0
Gregory Williams	2007-09-07	149	149	90
Gregory Williams	2007-09-21	102	102	0
HBR	2011-01-20	80	62	0
Harry Wood	2009-06-25	3	1	0
Harry Wood	2009-10-26	3	2	0
Harry Wood	2009-10-27	320	310	0
Harry Wood	2010-12-09	14	0	0
Hartmut44	2011-12-07	1	1	0
Head	2010-05-25	1	0	0
HeikoRehm	2014-06-05	8	8	0
Hobby Navigator	2008-01-16	1	0	0
Hobby Navigator	2008-06-05	85	76	1
Hobby Navigator	2008-09-14	90	75	8
Hobby Navigator	2008-09-16	159	134	3
Hobby Navigator	2010-01-24	3	0	0
Hobby Navigator	2010-12-27	187	66	0
HolgerJeromin	2011-10-10	2	0	0
HolgerJeromin	2011-12-23	13	2	0
HolgerJeromin	2011-12-27	12	2	0
HolgerJeromin	2012-12-10	4	4	0
HolgerJeromin	2013-10-23	1	0	0
HulkKE	2012-02-15	1	1	0
HulkKE	2012-02-29	4	4	0
Ian Checkley	2007-10-20	74	41	6
Ian Checkley	2007-10-21	42	9	4
Ian Checkley	2007-10-23	21	0	0
Ian Checkley	2007-11-03	49	30	2
Ian Small	2009-01-29	22	0	0
IknowJoseph	2009-07-15	2	2	0
IknowJoseph	2010-01-13	302	281	0
IknowJoseph	2010-01-14	3	0	0
IknowJoseph	2014-03-10	5	3	0
Ikoplan	2013-09-05	34	34	0
Irungu	2013-03-06	3	3	0
Isaiah	2011-10-10	12	10	0
Ivolino	2014-12-25	19	13	0
Ivolino	2014-12-26	2	2	0
JUSTUS	2011-08-31	27	26	0
J_W	2010-07-26	1	1	0
Jack Pham	2013-10-17	2	2	0
JackHarber	2012-05-09	359	350	0
JackHarber	2012-05-10	129	123	0
JackHarber	2012-05-11	63	58	0
Jajuok	2014-07-31	1	0	0
JamesLC	2015-01-03	286	0	0
Jamwa	2010-06-09	2	2	0
Jamwa	2010-08-31	1	1	0
Jamwa	2012-05-11	2	2	0
Jamwa	2012-05-22	72	61	0
Jamwa	2012-07-27	1	1	0
Jamwa	2013-08-27	26	25	0
Jamwa	2013-09-13	2	0	0
Jamwa	2013-09-17	5	5	0
Jamwa	2014-01-29	35	34	0
Jamwa	2014-01-30	1	0	0
Jamwa	2014-02-04	152	143	0
Jamwa	2014-02-07	27	10	0
Jamwa	2014-02-10	30	23	0
Jamwa	2014-02-14	39	35	0
Jamwa	2014-02-19	19	18	0
Jamwa	2014-02-21	87	87	0
Jamwa	2014-02-24	315	315	0
Jamwa	2014-02-27	46	46	0
Jamwa	2014-03-06	32	32	0
Jamwa	2014-03-08	39	33	0
Jamwa	2014-03-12	20	16	0
Jamwa	2014-03-28	70	70	0
Jamwa	2014-04-03	319	315	0
Jamwa	2014-04-10	48	44	0
Jamwa	2014-04-12	15	15	0
Jamwa	2014-04-29	29	22	0
Jamwa	2014-05-16	5	4	0
Jamwa	2014-05-23	69	69	0
Jamwa	2014-05-28	3	3	0
Jamwa	2014-05-30	13	12	0
Jamwa	2014-06-03	27	26	0
Jamwa	2014-06-16	25	25	0
Jamwa	2014-06-19	3	1	0
Jamwa	2014-07-08	22	15	0
Jamwa	2014-07-12	20	18	0
Jamwa	2014-07-27	2	2	0
Jamwa	2014-08-06	18	14	0
Jamwa	2014-08-12	37	36	0
Jamwa	2014-09-09	27	21	0
Jamwa	2014-10-14	6	6	0
Jamwa	2014-10-22	48	20	0
Jamwa	2014-11-03	1	0	0
Jamwa	2014-11-08	3	3	0
Jamwa	2014-11-12	38	22	0
Jamwa	2014-11-13	119	119	0
Jamwa	2014-11-18	116	62	0
Jamwa	2014-11-21	2	2	0
Jamwa	2014-12-06	8	5	0
Jamwa	2014-12-11	58	57	0
Jamwa	2014-12-14	10	7	0
Jamwa	2015-01-12	218	153	0
Jamwa	2015-01-13	8	8	0
Jamwa	2015-01-15	86	63	0
Jamwa	2015-01-18	29	8	0
Jamwa	2015-01-22	19	13	0
Jano John Akim Franke	2013-02-15	1	0	0
Jason R Surratt	2010-12-20	1	0	0
Jason R Surratt	2011-01-07	261	259	2
Javi Sanchez	2011-08-19	1	1	0
JeLuF	2010-01-13	80	2	0
JeLuF	2010-01-14	12	0	0
JeLuF	2010-01-15	88	83	0
Jipange	2014-09-16	6	5	0
Jkabera	2012-05-24	56	28	0
Jkabera	2012-05-25	16	9	0
Jkabera	2012-05-31	1	0	0
Jkabera	2012-06-04	6	0	0
Jkabera	2012-08-06	1	1	0
Jkabera	2012-08-07	6	3	0
Jkabera	2012-08-14	5	2	0
Jkabera	2012-08-15	5	3	0
Joe Kewl	2014-02-20	22	22	0
JohnGage	2012-10-24	16	6	0
JohnGage	2014-07-11	6	5	0
Jon Fjolnir Albertsson	2012-06-06	14	14	0
Jon Parsons	2010-03-08	4	4	0
Jon Parsons	2012-04-24	1	1	0
Jonchege	2013-06-14	10	10	0
Jonchege	2013-07-11	36	35	0
Josef73	2013-08-19	9	0	0
Josef73	2013-09-14	121	0	0
Josef73	2013-10-19	1	0	0
Josef73	2013-11-02	57	0	0
Josef73	2013-11-04	1	0	0
Josef73	2013-11-05	2	0	0
Josef73	2013-11-08	1	0	0
Josef73	2014-01-05	5	0	0
Josef73	2014-01-06	16	0	0
Josef73	2014-01-12	3	0	0
Joshua Mwema	2013-02-26	211	211	0
Joshua Mwema	2013-03-08	15	9	0
Joshua Mwema	2013-03-14	4	0	0
Joshua Mwema	2013-03-21	3	3	0
Joshua Mwema	2013-04-08	11	10	0
Joshua Mwema	2013-05-02	13	13	0
Joshua Mwema	2013-05-08	12	12	0
Joshua Mwema	2013-05-14	5	5	0
Joshua Mwema	2013-05-15	18	18	0
Joshua Mwema	2013-05-16	5	5	0
Joshua Mwema	2013-06-17	6	6	0
Joshua Mwema	2013-07-12	7	7	0
Joshua Mwema	2013-07-15	4	4	0
Joshua Mwema	2013-07-19	2	2	0
Julianar	2012-01-05	1	1	0
JulienBalas	2014-07-15	15	0	0
KANYOTU	2014-09-18	2	2	0
Kevin91	2011-10-03	19	18	0
Kevin91	2012-01-05	25	23	0
Kevin91	2012-01-07	34	34	0
Kevin91	2012-10-12	28	26	0
Kevin91	2013-02-07	345	325	0
Kevin91	2013-03-01	2	2	0
Kevin91	2013-09-13	58	58	0
Kim Nooij	2012-09-06	16	12	0
Kiprono	2011-08-24	1	1	0
Kolossos	2012-10-19	1	0	0
KostjaReim	2010-08-23	3	3	0
Kubadilisha	2011-01-23	11	7	0
LLAQWA	2014-10-28	1	0	0
LS_Gossau	2014-12-13	96	96	2
Laurence46	2013-02-23	5	4	0
Lauryne	2014-09-18	2	1	0
Letus	2011-06-29	6	6	0
Ligindogo	2013-12-28	11	7	0
Luis36995	2014-07-16	1	0	0
Luis36995	2014-07-24	4	1	0
Luis36995	2014-08-20	2	0	0
MAKHETI	2013-07-17	1	0	0
Manu1400	2013-05-18	1	0	0
Manu1400	2013-05-21	101	0	0
Manu1400	2013-05-23	1	0	0
Manu1400	2013-05-30	3	0	0
Manu1400	2013-07-08	3	0	0
Manu1400	2013-12-05	142	0	0
Manu1400	2013-12-08	1	0	0
Manu1400	2013-12-15	10	0	0
Manu1400	2013-12-18	1	0	0
Manu1400	2013-12-21	1	0	0
Manu1400	2013-12-25	1	0	0
Manu1400	2013-12-27	9	0	0
Manu1400	2013-12-28	122	0	0
Map Kibera	2010-01-12	6475	6475	0
MapUserOne	2011-06-23	4	4	0
MarcH123	2012-06-26	1	1	0
Margaret-1	2014-11-25	85	84	1
Margaret-1	2014-11-28	94	94	1
Mark Davies1664	2013-08-02	9	9	0
Mark Davies1664	2014-10-15	2	0	0
Mark Iliffe	2010-05-25	94	94	2
Mark Iliffe	2010-05-26	9	9	0
Markus59	2014-06-10	1	0	0
MarthaT	2014-11-03	170	170	0
MarthaT	2014-11-10	340	338	3
MarthaT	2014-11-11	10	10	0
MarthaT	2014-11-25	938	915	0
MarthaT	2014-11-27	682	653	0
MarthaT	2014-11-28	57	49	0
Martinmaina	2011-06-21	99	99	0
Math1985	2014-07-07	1	0	0
Mathbau	2010-09-21	4	0	0
Matrixster	2011-08-19	7	7	0
Med	2013-03-24	2	0	0
Merlin_76	2013-11-26	8	5	0
MicahMacAllen	2013-01-03	6	6	0
Michael Were	2010-06-02	6	6	0
Michael Were	2011-07-17	2	1	0
MichaelCollinson	2008-11-06	1	0	0
MichaelCollinson	2008-12-13	184	9	2
Mloni	2010-12-31	1	1	0
Mloni	2014-01-06	125	23	0
Morrolan	2011-11-24	7	7	0
Muki	2013-12-17	20	20	0
Munyaoe	2014-03-19	29	29	0
Munyaoe	2014-03-21	23	23	0
Munyaoe	2014-03-24	19	18	0
Muraya	2012-03-02	36	36	0
Muriithij	2014-06-18	26	18	0
Mutahi	2014-05-04	13	13	1
Myevit	2014-04-22	3	1	0
Myevit	2014-04-26	1	1	0
Myevit	2014-05-11	47	25	0
Männedorf	2011-03-25	13	11	0
Männedorf	2013-02-21	311	293	0
NPO	2008-04-04	48	14	0
NPO	2008-11-28	7	1	0
NPO	2008-12-30	4	1	0
Nanopixel	2012-08-31	1	0	0
NetConstructor	2011-09-19	13	5	0
Netzwolf	2013-01-26	1	0	0
NickJOB	2011-11-19	12	12	4
NickJOB	2011-11-24	2	2	0
NickJOB	2011-12-20	152	128	0
NickJOB	2011-12-23	1	0	0
NickJOB	2011-12-26	50	44	0
NickJOB	2012-07-10	66	64	0
NickJOB	2012-12-15	337	257	0
NickJOB	2012-12-23	87	55	0
NickJOB	2014-05-02	39	35	0
Ninfa	2011-04-18	72	72	0
NixOdieny	2012-01-26	1	1	0
NixOdieny	2013-06-20	1	1	0
NixOdieny	2013-07-02	2	0	0
Nj3ma	2011-05-31	1	1	0
Nj3ma	2011-06-04	1	1	0
Nj3ma	2011-06-08	1	1	0
Nj3ma	2011-06-09	6	6	0
Nj3ma	2011-06-20	1	1	0
Nj3ma	2011-07-20	1	1	0
Njoroge	2011-06-10	1	0	0
Nkinyili	2010-09-21	8	5	0
Nkinyili	2010-09-28	85	85	0
Nkinyili	2010-09-29	14	14	0
Noka Fahimi	2012-02-11	24	23	0
Noka Fahimi	2012-02-15	111	106	0
Noka Fahimi	2012-02-16	20	18	0
Nyaosi	2013-12-28	1	1	0
OPerivar	2009-09-02	295	89	0
OSMF Redaction Account	2012-07-20	68	0	0
Oberaffe	2010-05-11	11	0	0
Oberaffe	2012-04-10	1	0	0
Oberaffe	2014-09-14	67	10	0
Oberpfälzer	2014-11-09	10	0	0
Ochieng Teddy	2014-10-18	2	2	0
Odiug	2013-10-12	1	0	0
Oichi	2014-08-21	22	20	0
Oli-Wan	2011-01-07	1	0	0
Oli-Wan	2011-01-27	2	0	0
Oli-Wan	2011-10-25	1	0	0
Ori952	2014-09-03	548	270	0
Ori952	2014-09-04	901	707	0
Ori952	2014-12-22	226	18	0
Ouma	2013-01-28	2	1	0
Ouma	2013-08-29	37	29	0
Ouma	2013-10-08	91	91	0
Ouma	2013-11-21	157	154	0
Ouma	2013-11-22	378	376	4
PZastoupil	2009-08-24	6	6	0
PZastoupil	2009-08-25	18	16	1
PZastoupil	2009-08-26	4	4	0
PZastoupil	2009-08-31	20	16	0
PZastoupil	2009-09-01	169	169	2
PZastoupil	2009-09-02	21	16	0
PZastoupil	2009-09-03	98	83	0
PZastoupil	2009-09-04	336	88	0
PZastoupil	2009-09-05	3	3	0
PZastoupil	2009-09-07	75	64	0
PZastoupil	2009-09-08	37	29	0
PZastoupil	2009-09-09	16	13	0
PZastoupil	2009-09-10	7	5	0
PZastoupil	2009-09-11	19	19	3
PZastoupil	2009-09-15	2	2	0
PZastoupil	2009-09-17	2	2	0
PZastoupil	2009-09-18	266	248	13
PZastoupil	2009-09-22	21	17	0
PZastoupil	2009-09-23	2	1	0
PZastoupil	2009-09-25	10	9	0
PZastoupil	2009-09-26	143	37	0
PZastoupil	2009-09-28	95	79	0
PZastoupil	2009-09-30	9	9	1
PZastoupil	2009-10-01	13	10	5
PZastoupil	2009-10-02	2	0	0
PZastoupil	2009-10-05	70	70	2
PZastoupil	2009-10-07	40	21	0
PZastoupil	2009-10-12	61	61	1
PZastoupil	2009-10-21	19	18	0
PZastoupil	2009-10-22	22	22	0
PZastoupil	2009-10-23	4	1	0
PZastoupil	2009-10-26	64	59	0
PZastoupil	2009-10-27	20	13	0
PZastoupil	2009-10-28	23	23	0
PZastoupil	2009-10-29	9	7	0
PZastoupil	2009-11-01	6	6	0
PZastoupil	2009-11-04	9	9	0
PZastoupil	2009-11-07	17	17	1
PZastoupil	2009-11-09	4	3	0
PZastoupil	2009-11-19	17	14	0
PZastoupil	2009-11-27	13	13	0
PZastoupil	2009-11-30	6	5	0
PZastoupil	2009-12-01	1	0	0
PZastoupil	2009-12-04	93	90	4
PZastoupil	2009-12-07	20	20	0
PZastoupil	2009-12-08	12	11	0
PZastoupil	2010-01-18	185	184	6
PZastoupil	2010-01-25	34	34	1
PZastoupil	2010-01-26	5	1	0
PZastoupil	2010-01-29	22	0	0
PZastoupil	2010-02-09	32	32	0
PZastoupil	2010-02-16	19	11	0
PZastoupil	2010-02-17	14	14	0
PZastoupil	2010-02-19	1	1	0
PZastoupil	2010-02-22	3	3	0
PZastoupil	2010-03-02	7	4	0
PZastoupil	2010-03-19	3	0	0
PZastoupil	2010-03-22	148	144	2
PZastoupil	2010-03-29	502	405	33
PZastoupil	2010-04-21	1	0	0
PZastoupil	2010-04-22	52	51	1
PZastoupil	2010-04-26	89	86	8
PZastoupil	2010-05-04	150	145	6
PZastoupil	2010-05-11	8	7	0
PZastoupil	2010-05-14	47	46	3
PZastoupil	2010-05-18	43	43	0
PZastoupil	2010-05-19	8	8	1
PZastoupil	2010-06-02	20	20	2
PZastoupil	2010-06-14	30	30	1
PZastoupil	2010-07-15	5	5	0
PZastoupil	2011-02-14	19	13	0
PZastoupil	2011-03-07	107	70	0
PZastoupil	2011-03-08	45	29	0
PZastoupil	2011-03-11	4	4	0
PZastoupil	2011-04-05	50	39	0
PZastoupil	2011-04-29	11	11	0
PZastoupil	2011-05-30	7	7	0
PZastoupil	2011-06-07	1	0	0
Pallle	2012-06-15	1001	966	10
Pallle	2012-06-16	1856	1819	12
Particlem	2011-01-07	25	25	0
Paul Ouma	2014-06-05	3	2	0
Peter Dörrie	2008-06-05	122	73	0
Peter Dörrie	2008-06-11	62	58	1
Peter Dörrie	2008-06-13	22	21	2
Peter Dörrie	2008-09-12	10	4	0
Peter Dörrie	2009-06-05	65	47	2
Peter Vojtek	2014-06-29	14	13	0
Peter14	2013-12-14	14	0	0
Peter14	2013-12-15	1	0	0
Peter14	2013-12-16	9	0	0
Peter14	2013-12-17	12	0	0
Peter14	2013-12-18	3	0	0
Peter14	2013-12-20	4	0	0
Peter14	2013-12-21	13	0	0
Peter14	2013-12-22	11	0	0
Peter14	2013-12-23	8	0	0
Peter14	2013-12-25	2	0	0
Peter14	2013-12-26	10	0	0
Peter14	2013-12-29	7	0	0
Peter14	2013-12-30	7	0	0
Peter14	2013-12-31	2	0	0
Peter14	2014-01-03	6	0	0
Peter14	2014-01-04	6	0	0
Peter14	2014-01-06	6	0	0
Peter14	2014-01-07	6	0	0
Peter14	2014-01-09	1	0	0
Peter14	2014-05-20	24	0	0
PeterEastern	2013-01-17	10	1	0
PeterEastern	2013-09-27	35	33	0
Phil Shipley	2010-01-14	99	1	0
Phippen	2011-03-16	7	5	0
Polarbear	2010-08-13	2	0	0
PrimusK	2010-02-12	44	44	0
PrimusK	2010-05-22	108	108	0
PrimusK	2010-06-11	8	8	0
PrimusK	2010-08-21	79	79	0
PrimusK	2010-08-25	454	452	0
PrimusK	2010-08-26	38	38	0
PrimusK	2010-09-14	158	150	0
PrimusK	2010-09-16	48	48	0
PrimusK	2010-10-15	184	183	0
PrimusK	2010-11-11	1	1	0
PrimusK	2010-12-02	6	6	0
PrimusK	2010-12-04	887	879	0
PrimusK	2010-12-05	953	774	0
PrimusK	2010-12-07	7	4	0
PrimusK	2010-12-14	239	233	0
PrimusK	2011-01-12	594	335	0
PrimusK	2011-01-13	151	149	0
PrimusK	2011-01-14	310	277	0
PrimusK	2011-01-18	68	21	0
PrimusK	2011-01-19	142	118	0
PrimusK	2011-01-20	288	248	0
PrimusK	2011-01-21	144	120	0
PrimusK	2011-01-27	87	83	0
PrimusK	2011-01-28	371	352	0
PrimusK	2011-01-29	5	3	0
PrimusK	2011-02-02	192	105	0
PrimusK	2011-02-03	182	174	0
PrimusK	2011-03-15	1	1	0
PrimusK	2011-03-16	79	63	0
PrimusK	2011-03-17	83	69	0
PrimusK	2011-03-18	361	341	0
PrimusK	2011-03-24	17	15	0
PrimusK	2011-03-30	121	116	0
PrimusK	2011-03-31	7	7	0
PrimusK	2011-04-14	36	35	0
PrimusK	2011-04-27	1	0	0
PrimusK	2011-05-03	1	0	0
PrimusK	2011-06-19	17	17	0
PrimusK	2011-07-27	10	10	0
PrimusK	2011-08-29	24	0	0
PrimusK	2011-11-22	1435	612	0
PrimusK	2012-01-26	264	120	0
PrimusK	2012-03-08	453	453	0
PrimusK	2012-05-31	174	174	0
PrimusK	2012-06-18	269	54	0
PrimusK	2012-06-27	121	116	0
PrimusK	2013-05-15	5	4	0
PrimusK	2013-08-03	336	325	0
PurpleMustang	2012-06-10	23	1	0
RR81	2012-10-23	168	133	0
RR81	2013-11-21	18	9	0
RahelOyugi	2012-05-31	50	47	0
Reinier Battenberg	2010-06-13	90	89	0
Reinier Battenberg	2010-06-15	3	0	0
Reinier Battenberg	2014-09-18	28	28	0
Reinier Battenberg	2014-09-19	11	11	0
RichRico	2014-11-02	2	0	0
Robert Whittaker	2013-04-21	1	0	0
Ronald	2010-08-01	72	71	0
RonaldFabel	2012-02-09	6	6	0
Ropino	2009-08-10	250	0	0
Rps333	2012-07-27	39	35	0
Rps333	2012-07-28	45	45	0
Rps333	2013-06-14	228	214	0
Rps333	2013-06-17	160	157	0
Rps333	2013-06-18	487	453	0
Rps333	2013-06-19	432	413	0
Rps333	2013-06-20	544	510	1
Rps333	2013-06-21	189	164	0
Rps333	2013-09-14	153	151	0
Rps333	2013-09-15	335	302	0
Rps333	2013-09-20	193	184	0
Rps333	2013-09-21	662	615	0
Rps333	2013-09-22	165	155	0
Rps333	2013-09-23	58	53	0
Rps333	2013-09-24	90	89	3
Rps333	2013-09-26	131	131	0
Rps333	2013-09-30	354	321	0
Rps333	2013-10-01	206	192	1
Rps333	2013-10-02	54	52	0
Rps333	2013-10-03	548	520	10
Rps333	2013-10-04	1089	1057	9
Rps333	2013-10-05	574	519	4
Rps333	2013-10-06	245	217	0
Rps333	2013-10-07	20	20	0
Rps333	2013-10-09	142	127	0
Rps333	2013-10-10	400	387	0
Rps333	2013-10-11	479	461	2
Rps333	2013-10-17	300	282	0
Rps333	2013-10-19	3	0	0
Rps333	2013-10-30	82	79	0
Rps333	2013-11-02	296	287	0
Rps333	2013-11-08	23	23	0
Rps333	2013-11-09	386	369	0
Rps333	2013-11-11	94	93	0
Rps333	2013-11-12	283	279	0
Rps333	2013-11-16	95	93	0
Rps333	2013-11-19	80	78	0
Rps333	2013-11-20	221	202	0
Rps333	2013-11-21	215	213	0
Rps333	2013-11-23	82	80	0
Rps333	2013-12-10	28	28	0
Rps333	2014-01-02	130	128	0
Rps333	2014-01-03	16	15	0
Rps333	2014-01-04	158	151	0
Rps333	2014-01-22	8	8	0
Rps333	2014-02-01	912	885	0
Rps333	2014-02-10	62	62	0
Rps333	2014-02-11	218	213	2
Rps333	2014-03-02	160	159	0
Rps333	2014-03-13	182	160	0
Rps333	2014-05-03	2	0	0
Rps333	2014-05-08	101	97	0
Rps333	2014-05-10	6901	6443	19
Rps333	2014-05-11	1433	1409	12
Rps333	2014-05-14	789	573	3
Rps333	2014-05-16	1194	1153	12
Rps333	2014-05-18	1963	1874	5
Rps333	2014-09-15	5	5	0
Rps333	2014-10-26	186	185	0
Rps333	2014-10-29	289	278	0
Rps333	2014-11-15	271	131	1
Rps333	2014-12-25	148	148	6
Rub21	2014-12-09	3	0	0
Ruoro	2014-10-28	84	28	0
Sarah4	2011-06-06	7	7	0
Sefer	2012-08-03	344	273	4
Sergey Ushakov	2013-09-26	2	0	0
Serpens	2009-12-19	1	0	0
Serpens	2010-01-03	1	0	0
Serpens	2010-01-14	3	0	0
Serpens	2010-01-15	3	0	0
Serpens	2010-11-18	9	0	0
Serpens	2010-11-26	1	0	0
Serpens	2011-01-01	1	0	0
Serpens	2011-04-08	2	0	0
Serpens	2014-04-03	4	0	0
Serpens	2014-12-30	2	0	0
Serpens	2015-01-02	2	0	0
Serpens	2015-01-03	1	0	0
Serpens	2015-01-06	1	0	0
Serpens	2015-01-14	1	0	0
Shamsia Dala	2012-04-27	73	61	0
Shamsia Dala	2012-04-30	43	43	0
Shamsia Dala	2012-05-11	100	98	0
Shamsia Dala	2012-06-04	10	0	0
Sihama	2014-11-25	31	26	0
Simbamangu	2015-01-09	19	19	0
Simon D12345	2014-04-04	5	5	0
Sistah	2012-12-07	1	1	0
SlowRider	2007-11-02	7	0	0
SohelUK	2013-12-16	1	1	0
SohelUK	2014-09-21	1316	1316	0
Steve Chilton	2009-02-23	1	0	0
Syl	2012-10-03	1	0	0
Syl	2012-10-04	7	0	0
T Tisler	2011-01-07	407	393	1
Tambo Josh	2014-08-30	3	0	0
Tan-kip	2013-05-16	29	29	0
Tavernsenses	2013-04-06	3	1	0
ThurnerRupert	2011-07-06	1	1	0
Tiany	2013-04-24	6	6	0
Tiany	2013-04-30	1	1	0
Tiany	2013-05-23	8	8	0
Tiany	2013-06-10	21	21	0
Tiany	2013-07-18	7	7	0
Till Aurousseau	2014-04-03	10	8	0
Till Aurousseau	2014-12-29	4	4	0
Tiny	2014-05-08	117	78	0
TitanK	2010-10-29	14	9	0
Tom Layo	2013-08-07	139	95	0
TomasB	2012-11-04	2	2	0
Tomi Toivio	2012-07-30	7	3	0
Uhkabu	2013-11-28	21	21	0
Uhkabu	2013-11-29	83	81	0
Uhkabu	2013-12-05	70	69	0
Umkal	2011-11-07	2	2	0
Vincent Mswahili	2014-03-26	1	1	0
Vincent Mutuku	2012-01-26	232	116	0
Vys	2010-11-15	8	8	0
Walter Schlögl	2012-01-14	2	0	0
Walter Schlögl	2012-01-15	1	0	0
Walter Schlögl	2012-12-08	1	0	0
Wax	2011-09-09	3	3	0
Wax	2011-09-11	1	1	0
Welshie	2007-10-26	15	15	7
Welshie	2008-01-23	180	175	16
Welshie	2008-05-16	18	15	3
Whosewatsis	2011-01-07	111	83	1
William Payne	2012-09-21	10	8	0
WillieShu	2013-10-21	285	284	0
WingedStone	2010-02-25	15	15	0
WingedStone	2011-03-29	68	42	0
WingedStone	2011-03-31	136	122	0
WingedStone	2011-04-02	2	2	0
WingedStone	2011-04-05	1	0	0
WingedStone	2011-04-10	442	428	5
WingedStone	2011-04-11	1	0	0
WingedStone	2011-04-28	1	0	0
WingedStone	2011-05-03	304	25	0
WingedStone	2011-05-05	246	62	0
WingedStone	2011-05-09	639	624	0
WingedStone	2011-05-10	22	1	0
WingedStone	2011-05-11	2	0	0
WingedStone	2011-05-13	128	58	0
WingedStone	2011-05-14	68	48	0
WingedStone	2011-05-21	2	2	0
WingedStone	2011-05-22	48	16	0
WingedStone	2011-05-25	38	0	0
WingedStone	2011-05-26	35	0	0
WingedStone	2011-05-30	18	17	0
WingedStone	2011-06-18	257	129	0
WingedStone	2012-07-20	298	290	5
ZMWandelaar	2011-01-11	137	93	0
ZMWandelaar	2011-01-12	754	529	5
ZMWandelaar	2011-02-22	659	518	0
_AJ_	2010-09-11	1138	1136	16
abc26324	2013-11-18	420	420	0
abc26324	2014-02-02	326	326	1
aceman444	2013-08-23	1	0	0
aceman444	2013-11-06	1	0	0
adjuva	2010-11-15	1	0	0
adjuva	2011-10-03	2	0	0
adjuva	2011-10-08	3	0	0
adjuva	2012-08-25	1	0	0
adjuva	2014-03-08	3	0	0
adjuva	2014-03-15	1	0	0
adjuva	2014-05-29	7	0	0
adjuva	2014-06-22	4	0	0
adjuva	2014-10-04	1	0	0
adjuva	2014-10-05	1	0	0
afonin	2009-09-24	1	0	0
africanway	2013-11-05	2	2	0
alester	2011-12-13	1	0	0
alester	2011-12-15	1	0	0
allanodhiambo	2012-03-06	11	11	0
amillar	2009-06-18	1	0	0
andrewofthebike	2009-11-05	6	1	0
anekeya	2010-04-14	15	14	0
anekeya	2010-04-16	8	8	0
anekeya	2010-04-27	13	0	0
anekeya	2010-04-30	135	92	0
anekeya	2010-05-26	46	28	0
anekeya	2010-05-28	2	2	0
anekeya	2010-06-08	11	0	0
anekeya	2011-03-29	8	7	0
anekeya	2011-04-04	1	1	0
anekeya	2011-04-07	33	0	0
anekeya	2011-04-19	2	2	0
anekeya	2011-08-29	13	13	0
anekeya	2011-08-31	51	51	0
anekeya	2011-12-07	174	60	0
anekeya	2012-04-17	3	3	0
anekeya	2012-08-23	3	3	0
anekeya	2012-11-06	31	31	0
anekeya	2012-12-05	5	0	0
anekeya	2012-12-06	3	0	0
anekeya	2012-12-18	43	0	0
anekeya	2013-01-03	13	2	0
anekeya	2013-01-17	26	5	0
anekeya	2013-01-21	25	0	0
anekeya	2013-01-23	35	5	0
anekeya	2013-01-24	68	16	0
anekeya	2013-01-25	26	5	0
anekeya	2013-01-28	38	0	0
anekeya	2013-01-29	1	0	0
anekeya	2013-01-30	21	5	0
anekeya	2013-02-01	19	3	0
anekeya	2013-02-04	16	1	0
anekeya	2013-02-07	69	1	0
anekeya	2013-02-08	15	0	0
anekeya	2013-02-16	1	0	0
anekeya	2013-02-18	1	0	0
anekeya	2013-04-10	10	0	0
anekeya	2013-05-08	43	43	0
anekeya	2013-05-09	28	28	0
anekeya	2013-05-10	37	37	0
anekeya	2013-05-14	9	0	0
anekeya	2013-05-15	3	0	0
anekeya	2013-05-16	58	58	0
annastacia	2011-12-05	65	53	0
annastacia	2011-12-06	41	41	0
antenna@	2012-10-31	2	0	0
auds74	2009-12-02	85	0	0
auds74	2010-02-16	30	0	0
auds74	2010-02-17	1	0	0
awafula	2010-03-26	1	1	0
awcs	2013-06-19	8	6	0
barilla	2014-11-17	308	307	0
bcrosby	2010-12-17	2	2	0
beiti	2014-11-16	33	33	0
benaboki	2011-09-30	1	1	0
benson gathu	2013-08-11	1	1	0
benson gathu	2013-08-15	1	1	0
beweta	2013-09-23	40	5	0
bigalxyz123	2013-06-11	78	78	0
bigalxyz123	2013-09-22	45	6	0
bigalxyz123	2014-01-18	105	88	0
bigalxyz123	2014-01-19	7	0	0
bkass	2014-03-24	1	1	0
bo_robert_pedersen	2008-04-13	235	202	5
bo_robert_pedersen	2008-04-28	728	579	17
bo_robert_pedersen	2008-04-29	1083	903	16
bo_robert_pedersen	2008-04-30	185	176	5
bo_robert_pedersen	2008-05-30	56	56	0
bo_robert_pedersen	2008-06-18	202	156	0
bo_robert_pedersen	2008-06-19	446	438	0
bo_robert_pedersen	2008-06-21	127	126	0
bo_robert_pedersen	2008-06-22	23	23	4
bo_robert_pedersen	2008-06-23	540	525	41
bo_robert_pedersen	2008-06-24	456	450	2
bo_robert_pedersen	2008-07-02	25	8	0
bo_robert_pedersen	2008-07-04	742	730	1
bo_robert_pedersen	2008-07-10	123	112	0
bo_robert_pedersen	2008-07-11	15	14	0
bo_robert_pedersen	2008-07-13	37	34	0
bo_robert_pedersen	2008-07-14	1284	1199	43
bo_robert_pedersen	2008-07-15	1195	1179	23
bo_robert_pedersen	2008-07-16	2038	2025	59
bo_robert_pedersen	2008-07-17	684	614	0
bo_robert_pedersen	2008-07-22	1003	961	4
bo_robert_pedersen	2008-07-24	2198	2120	4
bo_robert_pedersen	2008-07-25	1769	1751	17
bo_robert_pedersen	2008-07-26	2945	2875	8
bo_robert_pedersen	2008-07-27	332	331	1
bo_robert_pedersen	2008-07-28	409	406	1
bo_robert_pedersen	2008-07-29	468	445	0
bo_robert_pedersen	2008-07-30	332	331	0
bo_robert_pedersen	2008-07-31	358	355	0
bo_robert_pedersen	2008-08-01	603	599	0
bo_robert_pedersen	2008-08-20	55	55	1
bo_robert_pedersen	2008-08-21	43	41	3
bo_robert_pedersen	2008-08-22	1369	1359	16
bo_robert_pedersen	2008-08-25	735	720	0
bo_robert_pedersen	2008-08-27	629	557	0
bo_robert_pedersen	2008-08-28	530	509	0
bo_robert_pedersen	2008-08-29	341	314	0
bo_robert_pedersen	2008-09-01	318	306	0
bo_robert_pedersen	2008-09-02	655	580	0
bo_robert_pedersen	2008-09-03	636	625	0
bo_robert_pedersen	2008-09-04	200	149	0
bo_robert_pedersen	2008-09-05	560	553	7
bo_robert_pedersen	2008-09-09	406	383	0
bo_robert_pedersen	2008-09-10	1	1	0
bo_robert_pedersen	2008-09-11	302	280	0
bo_robert_pedersen	2008-09-15	220	211	0
bo_robert_pedersen	2008-09-29	16	10	0
bo_robert_pedersen	2008-10-01	268	268	0
bo_robert_pedersen	2008-10-17	295	7	0
bo_robert_pedersen	2008-10-22	826	118	0
bo_robert_pedersen	2008-11-06	278	80	0
bo_robert_pedersen	2009-02-12	107	35	0
bo_robert_pedersen	2009-03-01	370	76	1
bo_robert_pedersen	2009-04-01	132	18	0
bo_robert_pedersen	2009-04-09	241	93	19
bo_robert_pedersen	2009-04-13	2973	155	6
bo_robert_pedersen	2009-04-14	105	20	2
bo_robert_pedersen	2009-04-15	365	29	5
bo_robert_pedersen	2009-04-16	1157	1	0
bo_robert_pedersen	2009-04-17	732	0	0
bo_robert_pedersen	2009-04-24	2	1	0
bo_robert_pedersen	2009-05-04	152	141	0
bo_robert_pedersen	2009-05-05	110	22	9
bo_robert_pedersen	2009-05-20	1	1	0
bo_robert_pedersen	2009-09-07	15	13	0
bo_robert_pedersen	2009-09-11	17	13	0
bo_robert_pedersen	2009-09-12	9	4	0
bo_robert_pedersen	2009-09-13	13	8	0
bo_robert_pedersen	2009-09-15	12	12	0
bo_robert_pedersen	2009-09-16	36	30	0
bo_robert_pedersen	2009-09-17	36	36	5
bo_robert_pedersen	2009-09-20	1	1	0
bo_robert_pedersen	2009-11-16	12	12	0
bo_robert_pedersen	2009-11-18	65	41	0
bo_robert_pedersen	2009-11-24	139	73	0
bo_robert_pedersen	2009-12-02	120	83	0
bo_robert_pedersen	2009-12-03	247	214	0
bo_robert_pedersen	2009-12-04	164	137	0
bo_robert_pedersen	2009-12-05	15	13	0
bo_robert_pedersen	2009-12-07	180	29	0
bo_robert_pedersen	2009-12-11	1	1	0
bo_robert_pedersen	2009-12-21	308	278	0
bo_robert_pedersen	2009-12-27	37	34	0
bo_robert_pedersen	2010-02-23	142	128	3
bo_robert_pedersen	2010-02-24	93	80	0
bo_robert_pedersen	2010-02-25	36	18	0
bo_robert_pedersen	2010-09-07	15	8	0
bo_robert_pedersen	2010-10-15	11	8	0
bo_robert_pedersen	2011-01-10	4	3	0
bo_robert_pedersen	2011-01-25	215	190	1
bo_robert_pedersen	2011-01-26	250	158	1
bo_robert_pedersen	2011-02-11	86	79	0
bo_robert_pedersen	2011-05-03	3	3	0
bo_robert_pedersen	2011-05-13	399	386	1
bo_robert_pedersen	2011-05-14	88	55	0
bosingwa	2011-10-21	22	6	0
brandon_macuser	2014-06-09	1	0	0
branimirez	2012-12-17	39	22	0
bri g	2010-10-19	18	0	0
brianh	2013-04-04	1	1	0
cabal	2007-12-30	1	1	0
cabal	2011-03-26	120	120	0
cgfoz	2011-12-09	19	16	0
cgu66	2009-10-10	1	0	0
cgu66	2010-01-14	1	0	0
cgu66	2010-10-12	1	0	0
cgu66	2012-04-20	1	0	0
cgu66	2012-11-08	1	0	0
cgu66	2013-03-17	1	0	0
chairman huruma	2011-04-07	95	85	0
chairman huruma	2011-04-08	61	58	0
chairman huruma	2011-04-14	62	62	0
chairman huruma	2011-04-15	6	0	0
chairman huruma	2011-08-26	6	6	0
chairman huruma	2012-11-28	258	256	0
chairman huruma	2013-01-10	7	1	0
chairman huruma	2013-01-11	18	18	0
chairman huruma	2013-01-30	13	5	0
charles juma	2010-12-14	80	80	0
chasu	2009-09-05	4	0	0
chdr	2011-09-14	98	98	0
chdr	2012-03-08	26	26	0
chdr	2012-03-09	19	19	0
chdr	2012-03-10	186	186	0
chris66	2011-01-19	92	72	1
cndavano	2013-10-10	40	40	0
cquest	2012-05-25	2	0	0
craigloftus	2012-11-03	4	4	0
dale_p	2012-09-24	459	381	0
dale_p	2012-10-01	1832	1752	3
dale_p	2012-10-06	5440	5061	49
dale_p	2012-11-06	95	16	0
dale_p	2012-12-26	216	60	0
dale_p	2012-12-27	1323	1284	0
dantje	2008-06-10	9	7	0
davidajowi	2014-01-07	1	1	0
dcp	2011-08-15	6	1	0
decibyte	2013-06-17	97	4	0
delphiN	2010-08-12	1	0	0
dmgroom_ct	2013-01-26	1	0	0
dmutie	2014-02-01	1	0	0
donsmith	2007-06-28	299	299	36
donyango	2011-09-01	12	11	0
drfuse	2011-07-23	2	2	0
drfuse	2012-01-02	98	60	0
drfuse	2012-01-10	143	73	0
drfuse	2012-01-11	149	134	0
drfuse	2012-03-25	10	5	0
drfuse	2012-03-28	6	0	0
drneal	2009-08-26	34	32	0
drneal	2009-08-27	2	2	1
drneal	2009-09-08	1	1	0
drneal	2014-02-06	41	41	0
drneal	2014-03-03	21	19	0
drneal	2014-03-07	13	11	0
dunkang	2014-11-06	152	152	0
dvdshosh	2011-02-24	2	2	0
ebrelsford	2010-08-11	174	2	0
ebrelsford	2010-08-12	2	1	0
ebrelsford	2010-08-23	46	3	0
ebrelsford	2010-08-31	235	9	0
ebrelsford	2010-10-08	545	64	0
ebrelsford	2010-10-11	448	0	0
ebrelsford	2010-10-12	258	0	0
ebrelsford	2010-10-14	145	20	0
ebrelsford	2010-10-26	143	0	0
ebrelsford	2010-12-13	473	0	0
eddymesh	2014-06-26	12	1	0
editedterrain	2014-12-19	2	1	0
edvac	2011-12-13	1	0	0
eebrah	2010-09-04	4	4	0
eebrah	2012-04-15	22	22	0
eebrah	2012-04-16	22	21	0
eebrah	2012-04-17	20	20	0
eebrah	2012-04-18	7	5	0
eebrah	2012-04-24	113	110	0
eebrah	2012-05-01	16	14	0
eebrah	2012-05-09	8	8	0
eebrah	2012-11-01	11	8	0
eebrah	2013-01-02	30	30	0
eebrah	2013-10-02	13	9	0
eebrah	2013-11-11	3	2	0
eebrah	2014-10-17	29	29	0
ekala	2012-01-04	192	189	0
ekala	2012-01-05	342	286	0
elMustang07	2014-03-18	10	7	0
elMustang07	2014-08-01	32	32	1
elizabeth kinyua	2010-12-14	19	19	0
emes	2013-08-21	3	3	0
emvee	2010-09-17	2	0	0
eosano	2014-07-22	2	2	0
eosano	2014-11-19	48	48	0
eosano	2014-11-20	92	92	0
eosano	2014-11-21	15	15	0
eosano	2014-12-03	377	377	4
erjiang	2014-05-14	48	48	0
error27	2013-02-01	1	1	0
esther11	2014-08-05	1	0	0
evelyneshuma	2011-06-21	17	17	0
eyedol	2011-07-12	3	1	0
ez_duce	2014-04-24	2	1	0
fidelia	2013-03-14	6	1	0
fidelia	2013-03-21	10	9	0
fidelia	2013-04-08	6	6	0
fidelia	2013-04-10	15	15	0
fidelia	2013-04-23	18	18	0
fidelia	2013-04-25	27	27	0
fidelia	2013-04-30	12	12	0
fidelia	2013-05-02	3	3	0
fidelia	2013-05-07	1	1	0
fidelia	2013-05-09	4	4	0
fidelia	2013-05-13	5	5	0
fidelia	2013-05-14	10	10	0
fidelia	2013-05-15	4	4	0
fidelia	2013-05-17	10	10	0
fidelia	2013-05-20	17	17	0
fidelia	2013-05-23	7	7	0
fidelia	2013-05-27	16	16	0
fidelia	2013-06-03	14	14	0
fidelia	2013-06-24	2	2	0
fidelia	2013-07-04	3	3	0
fidelia	2013-07-09	5	5	0
fidelia	2013-07-10	6	6	0
fidelia	2013-07-12	6	6	0
fidelia	2013-07-15	6	6	0
fidelia	2013-07-16	4	4	0
fidelia	2013-07-17	7	7	0
fidelia	2013-07-18	6	6	0
fidelia	2013-07-19	4	4	0
fidelia	2013-07-22	6	6	0
fjbehr	2011-10-09	89	87	0
fjbehr	2011-10-10	1	1	0
fjbehr	2011-10-24	1	1	0
flierfy	2012-10-01	24	8	0
flupflip	2012-02-19	679	625	1
fondolucy	2010-04-14	6	2	0
fondolucy	2010-04-16	6	6	0
fondolucy	2010-04-27	10	2	0
fondolucy	2010-06-14	54	1	0
fondolucy	2010-06-18	33	10	0
fondolucy	2010-06-22	34	3	0
fondolucy	2011-04-04	4	4	0
fondolucy	2011-05-03	1	0	0
fondolucy	2011-05-12	14	12	0
fondolucy	2011-05-18	11	4	0
fondolucy	2011-07-20	16	8	0
fondolucy	2011-07-29	13	12	0
fondolucy	2012-03-06	418	147	0
fondolucy	2012-04-12	6	6	0
fondolucy	2012-04-19	3	3	0
fondolucy	2012-05-24	5	5	0
fondolucy	2012-06-04	10	10	0
fondolucy	2012-08-21	24	14	0
fondolucy	2012-11-06	55	52	0
fondolucy	2012-11-13	62	54	0
fondolucy	2012-11-15	19	14	0
fondolucy	2012-12-05	4	0	0
fondolucy	2012-12-06	4	0	0
fondolucy	2012-12-11	1	0	0
fondolucy	2012-12-13	8	7	0
fondolucy	2012-12-18	21	0	0
fondolucy	2013-01-03	3	0	0
fondolucy	2013-01-10	8	7	0
fondolucy	2013-01-11	15	13	0
fondolucy	2013-01-14	8	7	0
fondolucy	2013-01-24	1	0	0
fondolucy	2013-01-25	8	1	0
fondolucy	2013-01-31	34	5	0
fondolucy	2013-02-01	1	0	0
fondolucy	2013-02-04	11	1	0
fondolucy	2013-02-06	6	0	0
fondolucy	2013-02-07	7	0	0
fondolucy	2013-05-08	11	11	0
fondolucy	2013-05-09	9	9	0
fondolucy	2014-07-06	3	0	0
fondolucy	2014-07-07	10	8	0
fondolucy	2014-07-08	4	3	0
fondolucy	2014-07-12	16	6	0
fondolucy	2014-07-15	14	3	0
fondolucy	2014-07-16	16	1	0
fondolucy	2014-07-18	27	1	0
fondolucy	2014-07-19	26	1	0
fondolucy	2014-07-21	62	2	0
fondolucy	2014-07-24	7	3	0
fondolucy	2014-07-25	4	2	0
fondolucy	2014-08-08	10	1	0
fondolucy	2014-08-10	5	4	0
fondolucy	2014-08-11	26	0	0
fondolucy	2014-08-15	9	0	0
fondolucy	2014-08-20	35	0	0
fondolucy	2014-08-21	89	0	0
fondolucy	2014-08-22	117	25	0
fondolucy	2014-08-25	47	1	0
fondolucy	2014-08-26	25	0	0
fondolucy	2014-08-27	17	0	0
fondolucy	2014-08-29	52	13	0
fondolucy	2014-09-05	5	0	0
fondolucy	2014-09-10	17	8	0
fondolucy	2014-09-11	10	0	0
fondolucy	2014-09-12	50	16	0
fondolucy	2014-09-17	13	10	0
fondolucy	2014-09-18	1	0	0
fondolucy	2014-09-19	13	0	0
fondolucy	2014-09-22	28	19	0
fondolucy	2014-09-23	3	0	0
fondolucy	2014-09-25	3	0	0
fondolucy	2014-10-27	1	1	0
fondolucy	2014-11-08	1	1	0
fredmanglis	2014-10-28	3	3	0
fredmanglis	2014-11-06	3	0	0
gazaking	2010-09-08	1	1	0
gazaking	2011-03-16	65	13	0
geekswagger	2013-11-23	98	98	0
geochrome	2015-01-24	31	3	0
geofreygachie	2013-04-05	1	1	0
gmwakule	2013-01-26	3	3	0
golfgeek	2011-12-04	1	0	0
gontadu	2011-03-27	62	59	0
gontadu	2011-08-18	58	48	0
gormur	2012-06-03	2	0	0
gormur	2012-07-11	1	0	0
gormur	2013-06-07	6	0	0
gps-newcomer	2011-08-27	51	17	0
hansemann1234	2014-08-16	99	97	0
hassanow	2010-04-27	9	0	0
hassanow	2010-04-30	68	49	0
hassanow	2010-06-29	38	22	0
hassanow	2010-07-28	12	0	0
hassanow	2010-08-03	31	9	0
hassanow	2010-08-19	18	1	0
hassanow	2010-08-21	310	309	0
hassanow	2010-12-02	19	13	0
hassanow	2010-12-14	168	163	0
hassanow	2011-01-13	121	105	0
hassanow	2011-01-14	62	62	0
hassanow	2011-01-19	40	36	0
hassanow	2011-01-20	57	43	0
hassanow	2011-01-27	51	46	0
hassanow	2011-01-28	171	168	0
hassanow	2011-02-02	103	100	0
hassanow	2011-02-15	20	20	0
hassanow	2011-04-12	2	0	0
hassanow	2011-04-18	4	3	0
hassanow	2011-05-03	2	0	0
hassanow	2011-07-28	11	10	0
hassanow	2011-10-26	35	23	0
hassanow	2011-10-30	15	15	0
hassanow	2011-11-06	87	87	0
hassanow	2012-02-28	113	81	0
hoho0101	2010-01-10	5	4	0
hondigo	2014-09-18	1	1	0
hybridOL	2014-10-09	6	0	0
ianaf4you	2007-11-05	10	0	0
ianaf4you	2007-11-09	6	0	0
ianaf4you	2007-12-25	21	0	0
ihema	2012-04-04	3	2	0
ike88	2010-05-27	16	6	0
indigomc	2014-11-30	1	0	0
innocensia	2013-05-23	5	5	0
innocensia	2013-06-10	19	19	0
innocensia_import	2014-02-17	114	3	0
irasesu	2014-07-20	25	22	0
iskenderun	2012-02-04	33	33	2
iskenderun	2013-01-11	101	95	0
iskenderun	2013-01-12	5	5	0
iskenderun	2013-01-13	176	158	1
iskenderun	2013-01-18	155	153	4
j_iglar	2013-10-20	3	2	0
jaakkoh	2012-05-27	542	256	0
jameli	2011-11-30	549	548	0
japhethkip	2014-08-11	2	1	0
jkitheka	2012-05-31	166	166	0
jkitheka	2012-06-04	21	18	0
jlundine	2010-11-16	1	1	0
jlundine	2010-11-24	1	1	0
jlundine	2011-04-15	6	2	0
jlundine	2011-06-22	21	21	0
jlundine	2012-07-17	349	346	0
jlundine	2012-11-15	35	18	0
jmwenda	2011-06-07	2	2	0
jmwenda	2011-11-18	45	44	0
jmwenda	2013-10-22	22	22	0
jmwenda	2013-10-23	94	93	0
jmwenda	2013-10-24	47	47	0
jmwenda	2013-10-27	38	35	0
jmwenda	2013-10-28	8	3	0
jmwenda	2013-11-02	17	16	0
jmwenda	2013-11-08	4	2	0
jmwenda	2014-03-03	4	4	0
jmwenda	2014-07-04	11	10	0
jmwenda	2014-10-27	22	21	0
joedal-osm	2013-02-04	5	2	0
joedal-osm	2013-02-07	27	14	0
joedal-osm	2013-04-13	33	18	0
joedal-osm	2013-06-11	4	1	0
joedal-osm	2013-06-14	3	2	0
joedal-osm	2013-08-01	1	1	0
joedal-osm	2014-04-22	2	1	0
johanemilsson	2011-12-20	20	20	0
johanemilsson	2011-12-21	227	58	0
johanemilsson	2012-01-26	5	1	0
johanemilsson	2014-02-17	1	0	0
jomoga	2011-06-21	3	3	0
jomoga	2011-06-22	2	1	0
joost schouppe	2014-04-14	208	0	0
kalonje	2011-08-30	68	68	0
kartenmalergidi	2015-01-17	102	62	0
katembu	2010-07-29	5	4	0
katpatuka	2008-09-07	68	68	15
katpatuka	2009-03-07	270	269	77
katpatuka	2009-03-08	48	48	23
kchrismucheke	2014-08-26	6	4	0
kellerma	2011-01-09	1	0	0
kelseyjnils	2014-05-26	13	13	0
keng	2012-03-20	2	1	0
keng	2012-03-21	2	1	0
kenmuriuki	2012-06-25	1	1	0
kenochieng	2011-09-01	31	10	0
kerosin	2011-01-21	1	0	0
kevole	2010-04-09	4	4	0
kevole	2010-04-19	14	5	0
kevole	2010-04-27	26	0	0
kevole	2010-04-30	33	28	0
kevole	2010-05-26	39	32	0
kevole	2010-05-28	25	7	0
kevole	2010-06-08	12	0	0
kevole	2010-06-11	53	51	0
kevole	2010-06-14	14	12	0
kevole	2011-10-28	48	48	0
kevole	2012-04-23	14	14	0
kevole	2012-08-13	76	55	0
kevole	2012-12-07	26	26	0
kevole	2012-12-13	9	8	0
kevole	2012-12-14	4	2	0
kevole	2013-01-07	5	0	0
kevole	2013-01-31	16	0	0
kevole	2013-05-08	25	25	0
kevole	2013-05-09	53	53	0
kevole	2013-05-10	24	24	0
kevole	2013-05-16	32	32	0
kip140	2014-08-07	2	1	0
kiwikenyan	2012-08-11	8	7	0
kolben	2012-09-25	4	3	0
kombo	2011-06-21	16	16	0
kookync	2010-12-17	1	1	0
kr12	2013-05-29	394	323	4
kuikihoro	2012-12-11	4	4	0
kuila	2011-09-27	192	143	0
kuila	2011-10-19	71	71	0
kuila	2011-10-21	33	33	0
lamacchiacosta	2014-11-01	31	31	0
lamannaca	2014-10-06	1	0	0
lesko987	2013-08-13	27	0	0
lesko987	2013-09-09	6	0	0
lesko987	2013-09-10	1	0	0
linneamoller	2014-10-23	4	4	0
lizzz_msp	2014-10-31	3	1	0
lkorir	2013-07-10	12	12	0
lkorir	2013-08-01	73	73	0
lmwangi	2009-06-01	2	2	0
lmwangi	2009-06-02	8	5	0
lmwangi	2011-08-15	13	10	0
lmwangi	2014-08-04	1	1	0
luiswoo	2012-01-17	86	56	0
lyrecithare1	2010-02-27	19	18	0
lyrecithare1	2010-03-03	2	0	0
maggot27	2014-02-22	30	0	0
makuru jackson	2011-04-07	176	172	0
makuru jackson	2011-04-14	117	112	0
manicrjs	2011-03-21	181	155	0
manicrjs	2011-04-14	12	11	0
manicrjs	2011-08-16	18	14	0
maning	2010-01-13	20	0	0
mapwitch	2011-11-21	14	3	0
mapwitch	2011-11-25	225	30	0
mapwitch	2011-12-13	1	0	0
mapwitch	2014-02-06	1	0	0
marek kleciak	2011-03-28	182	145	0
marek kleciak	2012-05-25	309	182	0
marek kleciak	2012-06-28	25	13	0
marek kleciak	2014-03-04	59	21	0
mariannair	2014-12-21	1	1	0
mark1st	2010-09-13	5	4	0
martin maringa	2011-09-13	12	12	0
mathareriver	2012-08-04	1	1	0
mathareriver	2012-11-27	49	0	0
mathareriver	2012-11-29	557	318	0
mathareriver	2012-11-30	54	42	0
mathareriver	2013-02-04	8	8	0
mathareriver	2013-02-08	16	12	0
mathias_on_the_road	2010-09-10	60	50	0
mathias_on_the_road	2010-09-11	163	163	0
mathias_on_the_road	2010-09-12	87	79	0
mathias_on_the_road	2010-09-13	91	89	0
mathias_on_the_road	2010-09-14	196	43	0
mathias_on_the_road	2010-09-17	13	12	0
mathias_on_the_road	2010-09-18	70	60	0
mathias_on_the_road	2010-09-19	41	39	0
mathias_on_the_road	2010-09-20	76	74	0
mathias_on_the_road	2010-09-21	1	0	0
mathias_on_the_road	2010-09-28	3	0	0
mathias_on_the_road	2010-10-21	1	0	0
mathias_on_the_road	2010-10-25	5	5	0
mathias_on_the_road	2010-11-02	2	2	0
mathias_on_the_road	2010-11-09	189	182	32
mathias_on_the_road	2010-11-15	261	255	8
mathias_on_the_road	2010-11-16	130	130	12
mathias_on_the_road	2010-11-22	2	1	0
mathias_on_the_road	2010-11-23	529	518	0
mathias_on_the_road	2010-11-26	6	5	0
mathias_on_the_road	2010-12-04	1583	1556	52
mathias_on_the_road	2010-12-07	510	479	2
mathias_on_the_road	2010-12-12	1	1	0
mathias_on_the_road	2010-12-15	2	2	0
mathias_on_the_road	2010-12-16	25	23	0
mathias_on_the_road	2010-12-17	5	4	0
mathias_on_the_road	2010-12-18	3	1	0
mathias_on_the_road	2010-12-29	103	9	0
mathias_on_the_road	2011-01-06	29	8	0
mathias_on_the_road	2011-01-07	102	92	0
mathias_on_the_road	2011-01-11	53	48	0
mathias_on_the_road	2011-01-12	247	79	0
mathias_on_the_road	2011-01-13	140	97	0
mathias_on_the_road	2011-01-14	111	95	0
mathias_on_the_road	2011-01-17	178	133	0
mathias_on_the_road	2011-01-18	342	305	0
mathias_on_the_road	2011-01-19	271	216	0
mathias_on_the_road	2011-01-20	314	284	0
mathias_on_the_road	2011-01-21	32	27	0
mathias_on_the_road	2011-01-27	81	77	0
mathias_on_the_road	2011-01-28	180	152	14
mathias_on_the_road	2011-02-01	806	695	36
mathias_on_the_road	2011-02-02	1281	1246	26
mathias_on_the_road	2011-02-03	79	78	4
mathias_on_the_road	2011-02-04	719	717	37
mathias_on_the_road	2011-02-05	100	73	5
mathias_on_the_road	2011-02-07	169	142	9
mathias_on_the_road	2011-02-12	1	0	0
mathias_on_the_road	2011-02-15	59	51	1
mathias_on_the_road	2011-02-17	229	218	14
mathias_on_the_road	2011-02-18	760	740	8
mathias_on_the_road	2011-02-19	521	489	11
mathias_on_the_road	2011-02-21	93	58	5
mathias_on_the_road	2011-02-23	326	322	3
mathias_on_the_road	2011-02-25	454	435	7
mathias_on_the_road	2011-02-28	191	187	4
mathias_on_the_road	2011-03-10	16	6	0
mathias_on_the_road	2011-03-22	499	458	0
mathias_on_the_road	2011-06-14	46	46	0
mathias_on_the_road	2011-06-15	70	48	0
mathias_on_the_road	2011-07-07	431	366	7
mathias_on_the_road	2011-07-08	219	205	0
mathias_on_the_road	2011-07-11	173	170	2
mathias_on_the_road	2011-10-01	771	716	5
mathias_on_the_road	2011-10-02	44	44	0
mathias_on_the_road	2011-10-05	194	130	0
mathias_on_the_road	2011-10-26	384	118	0
mathias_on_the_road	2011-10-29	19	11	0
mathias_on_the_road	2011-10-31	619	553	1
mathias_on_the_road	2011-11-10	52	40	0
mathias_on_the_road	2011-11-17	238	158	0
mathias_on_the_road	2011-11-21	131	117	9
mathias_on_the_road	2011-11-29	22	18	0
mathias_on_the_road	2011-12-05	1	0	0
mathias_on_the_road	2011-12-07	5	4	0
mathias_on_the_road	2011-12-09	8	8	0
mathias_on_the_road	2011-12-10	48	48	6
mathias_on_the_road	2011-12-11	1	1	0
mathias_on_the_road	2011-12-20	2	1	0
mathias_on_the_road	2011-12-23	1	1	0
mathias_on_the_road	2012-02-24	3	2	0
mathias_on_the_road	2012-04-04	1	1	0
mathias_on_the_road	2012-04-10	5	3	0
mathias_on_the_road	2012-04-14	137	137	0
mathias_on_the_road	2012-04-19	33	24	0
mathias_on_the_road	2012-04-28	57	54	1
mathias_on_the_road	2012-04-29	1201	1024	16
mathias_on_the_road	2012-05-03	264	229	15
mathias_on_the_road	2012-05-04	206	116	0
mathias_on_the_road	2012-05-05	110	24	0
mathias_on_the_road	2012-05-07	3	3	0
mathias_on_the_road	2012-05-09	236	203	5
mathias_on_the_road	2012-05-14	99	97	0
mathias_on_the_road	2012-05-15	190	165	3
mathias_on_the_road	2012-05-16	42	41	0
mathias_on_the_road	2012-05-21	160	160	12
mathias_on_the_road	2012-05-30	55	41	0
mathias_on_the_road	2012-06-04	148	146	0
mathias_on_the_road	2012-06-07	41	24	0
mathias_on_the_road	2012-06-10	230	228	6
mathias_on_the_road	2012-06-12	18	0	0
mathias_on_the_road	2012-06-13	37	32	1
mathias_on_the_road	2012-06-14	49	48	0
mathias_on_the_road	2012-06-25	19	9	0
mathias_on_the_road	2012-06-26	594	499	0
mathias_on_the_road	2012-07-31	6	0	0
mathias_on_the_road	2012-08-01	174	149	5
mathias_on_the_road	2012-08-02	17	1	0
mathias_on_the_road	2012-09-08	11	1	0
mathias_on_the_road	2012-09-12	47	0	0
mathias_on_the_road	2012-09-13	58	4	0
mathias_on_the_road	2012-10-31	85	82	0
mathias_on_the_road	2012-12-05	44	34	0
mathias_on_the_road	2012-12-08	83	81	5
mathias_on_the_road	2012-12-09	151	135	6
mathias_on_the_road	2013-01-04	2	0	0
mathias_on_the_road	2013-06-27	62	32	0
mathias_on_the_road	2013-06-28	17	14	0
mathias_on_the_road	2013-07-06	70	41	0
mathias_on_the_road	2013-07-22	1	1	0
mathias_on_the_road	2013-07-24	48	33	0
mathias_on_the_road	2013-07-25	45	24	0
mathias_on_the_road	2013-07-26	61	20	0
mathias_on_the_road	2013-07-27	803	501	0
mathias_on_the_road	2013-07-28	537	314	0
mathias_on_the_road	2013-07-30	7	6	0
mathias_on_the_road	2013-07-31	215	107	0
mathias_on_the_road	2013-08-03	84	6	0
mathias_on_the_road	2013-08-06	11	10	0
mathias_on_the_road	2013-08-11	106	31	0
mathias_on_the_road	2013-08-12	1	0	0
mathias_on_the_road	2013-08-13	2	2	0
mathias_on_the_road	2013-09-01	4	3	0
mathias_on_the_road	2013-09-04	24	24	0
mathias_on_the_road	2013-09-16	106	46	0
mathias_on_the_road	2013-09-26	441	246	0
mathias_on_the_road	2013-09-28	649	377	0
mathias_on_the_road	2013-09-29	3	1	0
mathias_on_the_road	2013-10-01	221	137	0
mathias_on_the_road	2013-10-07	84	84	0
mathias_on_the_road	2013-10-10	99	60	0
mathias_on_the_road	2013-10-21	50	28	0
mathias_on_the_road	2013-10-22	142	75	0
mathias_on_the_road	2013-11-27	5	4	0
mathias_on_the_road	2013-11-28	7	1	0
mathias_on_the_road	2014-01-05	66	54	0
mathias_on_the_road	2014-01-27	21	8	0
mathias_on_the_road	2014-01-28	33	5	0
mathias_on_the_road	2014-02-11	16	15	0
mathias_on_the_road	2014-02-12	1	1	0
mathias_on_the_road	2014-03-20	100	78	4
mathias_on_the_road	2014-04-07	43	32	0
mathias_on_the_road	2014-04-10	163	83	0
mathias_on_the_road	2014-07-09	5	5	0
mathias_on_the_road	2014-07-19	16	16	0
mathias_on_the_road	2014-07-23	8	7	0
mathias_on_the_road	2014-07-29	65	37	0
mathias_on_the_road	2014-08-02	7	2	0
mathias_on_the_road	2014-08-04	14	13	0
mathias_on_the_road	2014-08-08	39	30	0
mathias_on_the_road	2014-09-30	134	83	0
mathias_on_the_road	2014-10-13	207	160	0
mathias_on_the_road	2014-11-09	4	1	0
mathias_on_the_road	2014-11-12	199	65	0
mathias_on_the_road	2014-11-15	68	47	0
mathias_on_the_road	2015-01-14	20	8	0
mbuege	2011-01-19	154	142	0
mdk	2014-11-12	419	205	0
meet00	2011-08-14	3	3	0
mentor	2014-06-16	1	0	0
mickey mat	2011-04-15	2	0	0
mickey mat	2011-08-26	12	11	0
mickey mat	2012-11-28	14	11	0
mickey mat	2013-03-14	4	0	0
mickey mat	2013-03-15	5	2	0
mickey mat	2013-05-13	5	5	0
mickey mat	2013-05-14	8	8	0
mickey mat	2013-05-15	3	3	0
mickey mat	2013-05-16	5	5	0
mickey mat	2013-06-17	5	5	0
mickey mat	2013-06-19	5	5	0
mickey mat	2013-07-09	3	3	0
mickey mat	2013-07-15	4	4	0
mickey mat	2013-07-24	3	3	0
mikelmaron	2009-10-28	1	1	0
mikelmaron	2009-11-02	3	3	0
mikelmaron	2009-11-08	1	0	0
mikelmaron	2009-12-02	1	1	0
mikelmaron	2010-02-05	2	1	0
mikelmaron	2010-02-08	1	1	0
mikelmaron	2010-02-10	1	0	0
mikelmaron	2010-02-21	2	0	0
mikelmaron	2010-03-21	76	1	0
mikelmaron	2010-03-25	2	1	0
mikelmaron	2010-04-13	2	1	0
mikelmaron	2010-04-14	120	16	0
mikelmaron	2010-04-16	262	6	0
mikelmaron	2010-04-17	2	0	0
mikelmaron	2010-04-20	1	1	0
mikelmaron	2010-04-22	1	0	0
mikelmaron	2010-04-26	2	2	0
mikelmaron	2010-04-27	5	2	0
mikelmaron	2010-05-05	2	0	0
mikelmaron	2010-05-07	9	0	0
mikelmaron	2010-05-08	5	0	0
mikelmaron	2010-05-10	2	0	0
mikelmaron	2010-05-11	2	1	0
mikelmaron	2010-05-22	3	1	0
mikelmaron	2010-05-28	1	0	0
mikelmaron	2010-06-03	1	1	0
mikelmaron	2010-06-04	2	0	0
mikelmaron	2010-06-07	2	1	0
mikelmaron	2010-07-04	32	0	0
mikelmaron	2010-08-01	1	1	0
mikelmaron	2010-08-22	1	0	0
mikelmaron	2010-08-23	27	0	0
mikelmaron	2010-10-13	1	0	0
mikelmaron	2010-10-14	6	4	0
mikelmaron	2010-10-19	2	2	0
mikelmaron	2010-10-29	40	24	0
mikelmaron	2010-11-10	18	18	0
mikelmaron	2010-11-12	5	3	0
mikelmaron	2010-11-16	23	0	0
mikelmaron	2012-02-15	1	1	0
mikelmaron	2012-03-27	80	29	0
mikelmaron	2012-05-15	14	0	0
mikelmaron	2012-05-28	30	0	0
mikelmaron	2012-05-29	1	0	0
mikelmaron	2012-09-08	23	19	0
mikelmaron	2013-03-02	1	0	0
mikelmaron	2013-05-16	1	0	0
mikelmaron	2013-07-13	5	1	0
mikelmaron	2013-07-18	1	0	0
mikelmaron	2013-08-02	2	0	0
mikelmaron	2013-09-16	4	0	0
mikelmaron	2014-04-06	5	1	0
mikelmaron	2014-05-10	5	2	0
mikelmaron	2014-05-14	14	2	0
mikelmaron	2014-05-17	8	0	0
mikelmaron	2014-05-29	1	0	0
mikelmaron	2014-05-30	1	0	0
mikelmaron	2014-06-04	1	0	0
mikelmaron	2014-06-06	2	2	0
mikelmaron	2014-08-15	5	0	0
mikelmaron	2014-08-16	10	0	0
mikelmaron	2014-08-17	30	0	0
mikelmaron	2014-08-21	2	0	0
mikelmaron	2014-09-02	18	0	0
mikelmaron	2014-09-03	37	0	0
mikelmaron	2014-09-04	2	0	0
mikelmaron	2014-09-15	32	32	0
mikelmaron	2014-09-16	18	16	0
mikelmaron	2014-09-17	4	0	0
mikelmaron	2014-09-21	4	0	0
mikelmaron	2014-09-24	1	0	0
mikelmaron	2014-09-25	3	0	0
mikelmaron	2014-09-26	5	0	0
mikelmaron	2014-11-01	2	1	0
mikelmaron	2015-01-16	2	0	0
millicentoo	2010-04-14	18	14	0
millicentoo	2010-04-16	39	13	0
millicentoo	2010-04-27	29	1	0
millicentoo	2010-04-30	1	1	0
millicentoo	2010-06-08	31	0	0
millicentoo	2010-06-14	22	21	0
millicentoo	2010-07-28	2	2	0
millicentoo	2011-04-07	2	0	0
millicentoo	2011-04-18	45	44	0
millicentoo	2011-04-19	1	0	0
millicentoo	2011-05-19	4	4	0
millicentoo	2011-05-26	4	4	0
millicentoo	2012-04-19	9	8	0
millicentoo	2012-05-24	6	5	0
millicentoo	2012-05-31	45	30	0
millicentoo	2012-06-04	10	10	0
millicentoo	2012-12-10	5	0	0
millicentoo	2013-01-11	11	11	0
millicentoo	2013-01-17	16	1	0
millicentoo	2013-01-18	71	40	0
millicentoo	2013-02-04	1	0	0
millicentoo	2013-08-23	87	87	0
millicentoo	2013-08-27	75	45	0
millicentoo	2013-09-10	122	84	0
millicentoo	2013-09-13	74	74	0
millicentoo	2013-09-16	27	17	0
millicentoo	2013-09-17	93	0	0
misabrzi	2013-12-28	245	4	0
mlberg	2013-05-08	1	0	0
mlberg	2014-04-19	21	19	0
mlberg	2015-01-09	4	4	0
mlberg	2015-01-24	205	203	0
modiyo	2014-03-20	208	195	0
modiyo	2014-05-07	7	7	0
moengasusan	2011-09-01	4	3	0
moosekenya	2012-08-20	11	11	0
moosekenya	2012-08-21	99	71	0
moosekenya	2012-08-24	43	27	0
moosekenya	2012-09-02	53	14	0
moosekenya	2012-09-11	18	18	0
moosekenya	2012-09-29	3	0	0
moosekenya	2012-12-19	1	1	0
mortonsaulo	2014-03-19	3	2	0
moses wahor	2013-06-19	44	1	0
mrichman	2013-06-19	4	4	0
mronnie	2009-12-02	1	1	0
mronnie	2010-04-30	2	2	0
mrpacmanmap	2012-02-08	269	267	0
mrpacmanmap	2012-02-10	56	50	0
muindre	2010-04-14	37	18	0
muindre	2010-04-16	75	35	0
muindre	2010-04-19	31	12	0
muindre	2010-04-27	1	0	0
muindre	2010-04-30	44	31	0
muindre	2010-05-26	72	44	0
muindre	2010-05-28	43	25	0
muindre	2010-06-02	21	14	0
muindre	2010-06-13	60	57	0
muindre	2010-06-29	71	31	0
muindre	2010-08-03	64	5	0
muindre	2011-03-31	1	0	0
muindre	2011-04-04	42	39	0
muindre	2011-04-19	52	13	0
muindre	2011-05-17	11	5	0
muindre	2011-05-25	40	4	0
muindre	2011-07-20	68	61	0
muindre	2011-09-19	204	204	0
muindre	2012-02-27	21	3	0
muindre	2012-03-08	300	105	0
muindre	2012-03-12	1	0	0
muindre	2012-03-20	144	48	0
muindre	2012-03-21	45	24	0
muindre	2012-03-26	1	0	0
muindre	2012-05-28	23	20	0
muindre	2012-11-07	118	91	0
muindre	2012-11-13	6	6	0
muindre	2012-11-21	85	67	0
muindre	2012-12-06	39	1	0
muindre	2013-01-11	67	48	0
muindre	2013-01-29	2	0	0
muindre	2013-01-30	4	1	0
muindre	2013-02-22	13	7	0
muindre	2013-05-07	141	10	0
muindre	2013-05-10	37	37	0
muindre	2013-05-13	123	57	0
muindre	2013-05-14	23	18	0
muindre	2013-05-15	26	22	0
muindre	2013-05-23	11	10	0
muindre	2013-05-24	31	18	0
muindre	2013-05-29	105	0	0
muindre	2013-05-30	277	0	0
muindre	2013-05-31	151	1	0
muindre	2013-06-03	8	0	0
muindre	2013-08-27	106	93	0
muindre	2013-08-30	72	64	0
muindre	2013-09-27	303	155	0
muindre	2014-06-19	37	21	0
muindre	2014-06-27	27	13	0
muindre	2014-07-07	36	32	0
muindre	2014-07-11	47	40	0
muindre	2014-07-18	43	41	0
muindre	2014-08-05	165	122	0
muindre	2014-08-15	9	0	0
muindre	2014-08-21	96	2	0
muindre	2014-08-29	101	0	0
muindre	2014-09-08	5	0	0
muindre	2014-09-12	32	1	0
muindre	2014-09-19	2	0	0
muindre	2014-09-23	9	0	0
muindre	2014-09-26	2	1	0
must1n	2010-04-06	9	6	0
mwaura	2012-11-28	223	222	0
mwaura	2013-02-19	383	366	0
mwawasig	2011-06-21	46	44	0
myxor	2013-01-03	2	2	0
nairobivy	2013-10-28	58	57	0
namtih58	2007-12-12	8171	407	8
namtih58	2008-01-04	104	21	0
namtih58	2008-06-05	1012	690	15
namtih58	2010-02-24	90	47	0
neaj	2010-11-23	2	1	0
ngendahayojc	2011-02-14	7	7	0
ngendahayojc	2011-02-17	279	279	0
ngendahayojc	2011-03-22	4	4	0
ngendahayojc	2011-07-03	321	310	0
ngendahayojc	2011-07-26	1429	1406	0
ngendahayojc	2011-07-27	1476	1275	0
ngendahayojc	2011-07-28	1954	1912	0
ngendahayojc	2011-07-29	1165	1163	0
ngendahayojc	2011-07-30	2724	2718	0
ngendahayojc	2011-07-31	312	312	0
ngendahayojc	2011-08-05	281	281	0
ngendahayojc	2011-08-08	1681	1660	0
ngendahayojc	2011-08-09	1536	1528	0
ngendahayojc	2011-08-11	2147	2027	0
ngendahayojc	2011-08-12	185	179	0
ngendahayojc	2011-08-16	1319	1299	1
ngendahayojc	2011-08-17	771	770	0
ngendahayojc	2011-08-18	1094	1060	0
ngendahayojc	2011-08-19	439	435	0
ngendahayojc	2011-08-20	973	964	0
ngendahayojc	2011-08-23	21	0	0
ngendahayojc	2011-08-26	102	22	0
ngendahayojc	2011-08-27	50	11	0
ngendahayojc	2011-08-28	1241	1191	0
ngendahayojc	2011-09-05	1491	1488	0
ngendahayojc	2011-09-06	5	5	0
ngendahayojc	2011-09-07	220	220	0
ngendahayojc	2011-09-08	3181	3181	0
ngendahayojc	2011-09-09	1189	1188	0
ngendahayojc	2011-09-10	964	964	0
ngendahayojc	2011-09-11	1406	1406	0
ngendahayojc	2011-09-14	471	471	0
ngendahayojc	2011-09-15	3934	3933	0
ngendahayojc	2011-09-16	386	386	0
ngendahayojc	2011-09-17	2001	2001	0
ngendahayojc	2011-09-20	231	231	0
ngendahayojc	2011-09-21	739	739	0
ngendahayojc	2011-09-23	335	335	0
ngendahayojc	2011-09-24	301	301	0
ngendahayojc	2011-09-27	166	166	0
ngendahayojc	2011-10-01	11	11	0
ngendahayojc	2011-10-04	10	10	0
ngendahayojc	2011-10-10	252	252	0
ngendahayojc	2011-10-11	860	858	0
ngendahayojc	2011-10-13	1841	1806	0
ngendahayojc	2011-10-16	356	356	0
ngendahayojc	2011-11-19	30	30	0
ngendahayojc	2011-12-26	40	40	0
nginyii	2013-03-24	4	4	0
nimix	2012-07-20	1	0	0
nj3ma	2013-11-06	2	2	0
njorogembugua	2011-07-14	1	1	0
noperante	2010-10-31	1	0	0
nyaikae	2014-08-09	1	0	0
nyarkarungu	2013-02-20	33	32	0
nyarkarungu	2013-02-21	53	53	0
olaf1000	2014-04-04	1	0	0
olaf1000	2014-05-17	1	0	0
olbap	2014-12-05	30	30	0
oldenburg69	2013-11-15	4	2	0
olo81	2013-01-23	62	30	0
omino	2010-04-19	45	38	0
omino	2010-04-27	24	2	0
omino	2010-04-30	113	88	0
omino	2010-06-08	12	0	0
omino	2010-06-11	56	50	0
omino	2011-03-31	3	3	0
omino	2011-04-07	2	0	0
omino	2011-04-19	2	0	0
omino	2011-05-19	25	16	0
omino	2011-05-26	39	4	0
omino	2011-07-20	15	14	0
omino	2011-08-27	1	0	0
omino	2011-08-31	3	0	0
omino	2011-09-01	148	97	0
omino	2012-03-07	62	14	0
omino	2012-03-09	171	85	0
omino	2012-03-12	144	9	0
omino	2012-03-16	276	202	0
omino	2012-03-17	829	350	0
omino	2012-03-20	426	178	0
omino	2012-03-27	57	57	0
omino	2012-06-21	23	15	0
omino	2012-06-25	15	14	0
omino	2012-06-28	23	15	0
omino	2012-08-13	51	43	0
omino	2012-12-07	13	0	0
omino	2013-05-24	20	20	0
omino	2013-08-23	61	60	0
omino	2013-08-27	38	34	0
omino	2013-09-03	243	234	0
omino	2013-09-10	266	258	0
omino	2013-09-18	177	177	0
omino	2013-09-19	445	105	0
omino	2013-11-11	51	49	0
omino	2013-11-16	356	0	0
omino	2014-06-19	26	24	0
omino	2014-06-25	14	7	0
omino	2014-09-07	1764	1736	0
omino	2014-09-08	330	0	0
omino	2014-09-10	44	5	0
osm-hft-jun10	2010-06-02	31	30	0
othuol	2011-04-14	21	16	0
othuol	2011-08-26	11	11	0
othuol	2011-12-15	8	8	0
othuol	2012-03-15	1	1	0
othuol	2012-04-18	8	8	0
othuol	2012-04-21	41	39	0
othuol	2012-04-23	78	57	0
othuol	2012-04-24	6	6	0
othuol	2012-05-02	15	12	0
othuol	2012-05-04	79	79	0
othuol	2012-05-22	24	8	0
othuol	2012-05-28	33	9	0
othuol	2012-07-19	35	31	0
othuol	2012-08-06	876	824	0
othuol	2012-10-12	17	17	0
othuol	2012-10-29	1	0	0
othuol	2013-04-05	27	27	0
othuol	2013-04-07	5	5	0
othuol	2013-04-15	2	2	0
othuol	2013-05-14	2	2	0
othuol	2013-05-16	18	18	0
othuol	2013-05-18	38	38	0
othuol	2013-05-20	3	3	0
othuol	2013-05-21	9	9	0
othuol	2013-05-23	9	9	0
othuol	2013-05-24	56	34	0
othuol	2013-05-27	2	0	0
othuol	2013-05-29	77	77	0
othuol	2013-05-30	2	2	0
othuol	2013-05-31	7	0	0
othuol	2013-06-04	4	4	0
othuol	2013-06-05	302	283	0
othuol	2013-06-22	120	64	0
othuol	2013-06-23	135	131	0
othuol	2013-06-24	217	215	0
othuol	2013-06-26	45	37	0
othuol	2013-07-05	31	20	0
othuol	2013-07-18	7	0	0
othuol	2014-04-16	40	36	0
paddyoneil	2011-01-07	501	489	1
paulyonga	2014-08-25	2	2	0
petrilk	2012-11-22	75	71	0
petrilk	2012-11-25	80	80	0
phidelys	2012-04-06	3	2	0
plettman	2009-12-11	12	3	0
pmatogo	2010-06-02	28	2	0
pnorman	2011-10-20	1	1	0
pnorman_mechanical	2014-07-31	15	0	0
pnorman_mechanical	2014-08-08	15	0	0
purity	2011-06-21	28	27	0
pzib	2014-10-15	41	10	0
rabenkind	2011-01-08	1	0	0
radlmane	2012-06-25	11	6	0
radlmane	2012-06-26	3	1	0
rainerU	2011-01-08	2	1	0
raubraupe	2014-07-10	9	0	0
regynnah	2010-04-14	2	0	0
regynnah	2010-04-16	11	9	0
regynnah	2010-04-27	7	1	0
regynnah	2010-06-08	7	0	0
regynnah	2010-06-11	63	45	0
regynnah	2010-06-16	35	28	0
regynnah	2010-06-18	14	5	0
regynnah	2010-12-02	4	4	0
regynnah	2010-12-18	50	50	1
regynnah	2011-12-13	50	43	0
regynnah	2012-06-04	28	20	0
regynnah	2012-06-25	250	121	0
regynnah	2012-06-28	408	267	0
regynnah	2012-07-02	14	14	0
regynnah	2012-12-05	1	0	0
regynnah	2012-12-06	13	1	0
regynnah	2012-12-13	16	12	0
regynnah	2013-01-24	35	3	0
regynnah	2013-02-01	4	0	0
regynnah	2013-02-04	1	0	0
regynnah	2013-05-09	33	33	0
regynnah	2013-05-13	6	0	0
regynnah	2013-05-24	23	23	0
regynnah	2013-05-29	4	0	0
riteshdoshi	2012-06-14	3	1	0
robert	2008-02-03	554	539	6
robgeb	2012-08-15	278	239	0
rrbaker	2013-01-18	6	6	0
rsoden	2009-04-22	511	511	73
rsoden	2009-05-12	252	252	0
sabina  baariu	2014-11-21	59	57	0
sabina  baariu	2014-11-23	30	28	0
sabina  baariu	2014-12-01	1	0	0
seedorf	2011-11-28	220	220	0
sev_hotosm	2013-11-17	1244	1076	0
sev_hotosm	2013-11-20	9	9	0
sev_hotosm	2013-11-21	136	113	0
sev_hotosm	2013-11-23	810	793	0
sev_hotosm	2013-11-27	4	4	0
shantell wambui	2013-05-13	1	1	0
shee207kim	2013-12-03	23	18	0
shenriod	2013-02-08	14	11	0
simoa	2012-03-05	5	5	0
simoa	2013-02-19	2	2	0
simoa	2013-11-01	541	521	0
simoa	2013-11-29	187	149	0
simoa	2014-01-15	4	2	0
simonndunda	2010-09-26	96	87	0
simonndunda	2010-09-28	184	183	0
simonndunda	2010-09-29	128	127	0
simonndunda	2010-09-30	2	0	0
simonndunda	2010-10-04	370	293	0
simonndunda	2010-10-06	185	185	0
simonndunda	2010-10-07	239	198	0
sinopitt	2012-10-06	1	0	0
smap77	2009-11-02	1	0	0
smap77	2009-12-12	153	151	6
smap77	2010-01-06	441	440	12
smap77	2010-01-10	300	286	5
smap77	2010-01-27	2	2	0
smap77	2010-02-07	78	78	0
smap77	2010-02-08	405	357	8
smap77	2010-03-16	33	4	0
smap77	2010-04-25	60	59	6
soylentgreen	2013-11-24	207	146	0
springmeyer	2012-06-03	1	0	0
stellamaris	2013-11-21	115	114	0
stinkymatt	2011-01-07	143	141	5
sunoptikos	2011-10-17	43	24	0
sunoptikos	2011-10-18	24	7	0
sunoptikos	2011-10-19	83	75	0
swampcottage	2010-02-17	4	4	0
sydney moziah	2013-05-16	33	33	0
tbicr	2014-11-07	4	0	0
techlady	2013-07-21	86	17	0
tekim	2010-10-08	8	8	0
tembea	2014-08-21	4	1	0
tiger_old	2010-08-10	8	0	0
tixuwuoz	2010-09-22	1	0	0
tordenmalm	2010-09-09	454	452	0
tordenmalm	2010-09-14	101	99	0
tordenmalm	2010-10-05	77	76	0
tordenmalm	2011-01-02	222	219	3
tothod	2012-10-10	1	0	0
tptrust	2010-04-09	1	0	0
u_kubota	2013-09-29	449	449	0
uboot	2008-04-03	5	0	0
uboot	2010-05-15	9	0	0
uboot	2010-07-22	1	0	0
ugeni	2011-01-07	485	476	0
ugeni	2011-01-08	13	13	0
ulfl	2009-01-01	1	0	0
ulfl	2009-12-24	1	0	0
uni154	2014-01-01	11	10	0
user_5359	2010-08-29	3	0	0
user_5359	2010-12-23	1	0	0
user_5359	2011-08-30	2	0	0
user_5359	2013-01-05	3	0	0
user_5359	2013-01-06	9	0	0
user_5359	2013-03-16	17	0	0
user_6458	2012-08-29	6	6	0
user_6458	2012-09-15	4	3	0
v_munene	2014-01-18	61	60	0
venerdi	2014-05-09	19	11	0
videren	2013-01-27	2	0	0
viptrack	2013-04-08	8	8	0
vizion	2011-05-08	10	10	0
wandsecacher	2014-04-27	1	0	0
wasgeezy	2014-01-14	1	0	0
wawasp	2013-11-04	451	254	0
werner2101	2010-07-27	6	0	0
westis	2013-09-02	3	3	0
westis	2013-10-12	21	4	0
wheelmap_visitor	2012-06-25	1	0	0
wheelmap_visitor	2012-07-02	1	0	0
wieland	2011-08-29	1	0	0
wilsonandolo	2015-01-12	1	1	0
wohnung058	2014-03-29	2	2	0
woodpeck_repair	2014-02-03	21	0	0
xerxesowuor	2011-09-01	33	27	0
xybot	2010-02-08	1	0	0
xybot	2010-04-14	14	0	0
xybot	2010-04-16	2	0	0
xybot	2010-04-27	32	0	0
xybot	2010-04-30	11	0	0
xybot	2010-05-27	9	0	0
xybot	2010-05-28	1	0	0
xybot	2010-06-02	1	0	0
xybot	2010-06-08	3	0	0
xybot	2010-06-11	15	0	0
xybot	2010-06-13	2	0	0
xybot	2010-06-14	8	0	0
xybot	2010-06-18	3	0	0
xybot	2010-06-30	4	0	0
xybot	2010-08-03	1	0	0
xybot	2010-08-21	1	0	0
xybot	2010-08-25	4	0	0
xybot	2010-09-02	1	0	0
xybot	2010-10-16	6	0	0
xybot	2010-11-23	1	0	0
xybot	2010-11-24	1	0	0
xybot	2010-12-02	1	0	0
xybot	2010-12-14	12	0	0
xybot	2010-12-18	2	0	0
xybot	2011-01-15	1	0	0
xybot	2011-01-19	3	0	0
xybot	2011-01-20	1	0	0
xybot	2011-01-27	1	0	0
xybot	2011-03-16	3	0	0
xybot	2011-03-17	2	0	0
xybot	2011-03-18	4	0	0
xybot	2011-03-30	3	0	0
xybot	2011-04-07	1	0	0
xybot	2011-04-15	1	0	0
xybot	2011-04-18	1	0	0
xybot	2011-05-31	1	0	0
xybot	2011-06-04	1	0	0
xybot	2011-06-07	1	0	0
xybot	2011-06-08	2	0	0
xybot	2011-06-09	1	0	0
xybot	2011-06-20	1	0	0
xybot	2011-06-21	13	0	0
xybot	2011-06-22	1	0	0
xybot	2011-07-21	1	0	0
xybot	2011-08-11	1	0	0
xybot	2011-08-26	4	0	0
xybot	2011-08-30	5	0	0
xybot	2011-08-31	5	0	0
xybot	2011-09-01	1	0	0
xybot	2011-09-26	2	0	0
xybot	2011-10-06	1	0	0
xybot	2011-10-10	1	0	0
xybot	2011-11-18	1	0	0
xybot	2012-01-02	3	0	0
xybot	2012-01-04	1	0	0
xybot	2012-03-19	8	0	0
xybot	2012-03-20	1	0	0
xybot	2012-03-21	1	0	0
xybot	2012-03-26	13	0	0
xybot	2012-03-28	1	0	0
ypid	2013-09-08	151	0	0
ypid	2013-11-13	21	0	0
ypid	2013-12-30	10	0	0
ypid	2013-12-31	233	0	0
ypid	2014-01-01	27	0	0
ypid	2014-01-09	1	0	0
ypid	2014-01-14	7	0	0
zaizone	2013-09-11	179	148	0
zaizone	2013-09-20	1	0	0
zaizone	2013-09-23	1149	494	0
zaizone	2013-09-24	567	311	0
zaizone	2013-09-26	464	260	0
zaizone	2013-09-27	277	146	0
zmarties	2014-05-25	1	0	0
zors1843	2013-01-04	8	4	0
zors1843	2013-04-12	18	1	0
Ævar Arnfjörð Bjarmason	2009-09-08	1	0	0
